"id_fuel_station","id_entity","id_department","fuel_station_name","direction","location","created_at","id_dept"
2551,7702,1,INVERSIONES JANA S.A.,ZONA POCONAS - BARRIO SAN JOSE - AV. JAIME MENDOZA Nro 260 - EDIFICIO SURTIDOR,POINT (-65.2482104 -19.0513711),2025-03-24 18:58:55.381,
2675,7848,1,ESTACION DE SERVICIO NAYLER,CHUQUISACA - AV. CIRCUNVALACION NRO S/N ZONA: QUIRPINCHACA,POINT (-65.2722009 -19.0383005),2025-03-24 18:58:55.381,
2719,3245,1,INVERSIONES JANA S.A.,ZONA POCONAS - BARRIO SAN JOSE - AV. JAIME MENDOZA Nro 260 - EDIFICIO SURTIDOR,POINT (-65.2482104 -19.0513711),2025-03-24 18:58:55.381,
3078,4993,1,MONTEAGUDO,CALLE PIRAIMIRI FINAL BARRIO LOS SAUCES,POINT (-63.950871 -19.796724),2025-03-24 18:58:55.381,
2704,8014,1,ESTACION DE SERVICIO CINTI S.R.L.,S/N ZONA:CAPILLA,POINT (-65.2128076 -20.6505657),2025-03-24 18:58:55.381,
2869,4990,1,EL TEJAR,ZONA EL TEJAR,POINT (-65.2728872 -19.0626796),2025-03-24 18:58:55.381,
2940,4995,1,MUYUPAMPA,AV. BANZER S/N,POINT (-63.7548837 -19.896218),2025-03-24 18:58:55.381,
2903,13340,1,ESTACION DE SERVICIO TARABUQUILLO,TARABUQUILLO ZONA TARABUQUILLO,POINT (-64.4751274 -19.3522939),2025-03-24 18:58:55.381,
2881,4991,1,OSTRIA GUTIERREZ,AV. OSTRIA GUTIERREZ ZONA TERMINAL,POINT (-65.2488258 -19.0394236),2025-03-24 18:58:55.381,
2501,8133,1,ESTACION DE SERVICIO AZARI,AV. DIAGONAL JAIME MENDOZA CAMINO A YAMPARAEZ S/N ZONA AZARI,POINT (-65.2314466 -19.0850269),2025-03-24 18:58:55.381,
2458,7878,1,ESTACION DE SERVICIO SUPER GRIFO,SUCRE CARRETERA SUCRE POTOSI KM 10,POINT (-65.262671 -19.1252629),2025-03-24 18:58:55.381,
3119,41599,1,YPFB - SAN LUCAS,"BARRIO SAN FRANCISCO, AV. LIBERTADORES DE AMERICA",POINT (-65.15432 -20.236485),2025-03-24 18:58:55.381,
2939,13339,1,ESTACION DE SERVICIO LOS SAUCES,CALLE PIRAIMIRI FINAL BARRIO LOS SAUCES,POINT (-63.960279 -19.8092658),2025-03-24 18:58:55.381,
2728,7924,1,ESTACION DE SERVICIO BUEN RETIRO,PADILLA- PAMPA DE LA CALDERA S/N,POINT (-64.2990112 -19.312374),2025-03-24 18:58:55.381,
3118,38029,1,YPFB - CAMARGO,CARRETERA TARIJA - CAMARGO - POTOSI,POINT (-65.2081996 -20.6447959),2025-03-24 18:58:55.381,
2494,7793,1,ESTACION DE SERVICIO SURTIDOR CANEDO ZONA MESA VERDE,AV. MARCELO QUIROGA SANTA CRUZ Nro S/N,POINT (-65.2444913 -19.0334397),2025-03-24 18:58:55.381,
2670,7942,1,COOPERATIVA INTEGRAL SAN JOSE OBREBRO MONTEAGUDO LTDA.,"AV. EL PORVENIR S/N, ZONA 1RO DE MAYO",POINT (-63.9561995 -19.8012169),2025-03-24 18:58:55.381,
2531,7939,1,ESTACION DE SERVICIO TREBOL S.R.L.,AV. CIRCUNVALACION ESQ. JULIO VILLA S/N,POINT (-65.2567667 -19.0167227),2025-03-24 18:58:55.381,
2731,8124,1,ESTACION DE SERVICIO MURILLO,DIAGONAL JAIME MENDOZA S/N - ZONA SANTA BARBARA - ZUDAÑEZ,POINT (-64.7016952 -19.1222407),2025-03-24 18:58:55.381,
2456,7945,1,COOPERATIVA DE TRANSPORTES DE CARGA NACIONAL E INTERNACIONAL MARISCAL SUCRE LTDA,COMUNIDAD LA ZAPATERA KILOMETRO 4 CARRETERA A COCHABAMBA,POINT (-65.2167964 -19.0021867),2025-03-24 18:58:55.381,
2705,7883,1,ESTACION DE SERVICIO MARIA ALEJANDRA,SUCRE - CARRETERA A COCHABAMBA KM 9 1/2 NRO S7N ZONA: ZAPATRA,POINT (-65.2224237 -18.9986667),2025-03-24 18:58:55.381,
3051,15176,1,ESTACION DE SERVICIO PU'JLLAY,CARRETERA TARABUCO,POINT (-64.9122699 -19.1759232),2025-03-24 18:58:55.381,
2491,7949,1,ESTACION DE SERVICIO EL MORRO,AV.MARCELO QUIROGA SANTA CRUZ S/N A 100 MTS ROTONDA DE FANCESA,POINT (-65.2494171 -19.0200526),2025-03-24 18:58:55.381,
3114,11866,1,ESTACION DE SERVICIO SE�OR DE QUISQUIRA,CALLE BOLIVAR S/N VILLA CHARCAS PROVINCIA NOR CINTI CHUQUISACA,POINT (-64.7353907 -21.5233078),2025-03-24 18:58:55.381,
3164,36445,1,ESTACION DE SERVICIO JUANA AZURDUY,SUCRE - AV. JUANA AZURDUY DE PADILLA NRO S/N ZONA : TUCSUPAYA,POINT (-65.2768119 -19.024543),2025-03-24 18:58:55.381,
2545,7783,1,ESTACION DE SERVICIO OQHARIKUNA S.R.L.,AV. JUANA AZURDUY DE PADILLA S/N,POINT (-65.2855142 -19.0148745),2025-03-24 18:58:55.381,
2639,14487,1,TEODOCIO LLANOS,"CULPINA - AV. LITORAL Nro S/N, ZONA: CENTRAL",POINT (-64.9480927 -20.8225145),2025-03-24 18:58:55.381,
2630,1039,2,EMPRESA COMERCIALIZADORA DE HIDROCARBUROS TUPAC KATARI S.R.L.,CALLE SANCHEZ LIMA Nro 100 ZONA SOPOCACHI,POINT (-68.124996 -16.5138359),2025-03-24 18:58:55.443,
3053,13570,2,"ESTACION DE COMERCIALIZACION COMBUSTIBLES LIQUIDOS DE PETROLEO ""ECOPETROL""",EL ALTO - AVENIDA 6 DE MARZO ESQ. AVENIDA VIACHA NRO 1010 ZONA: EX FUNDO VENTILLA,POINT (-68.1824363 -16.6300351),2025-03-24 18:58:55.443,
3200,24565,2,GAS SAN FELIPE,CALLE BOQUERON NRO 1067,POINT (-68.194619 -16.5625911),2025-03-24 18:58:55.443,
2449,1401,2,ESTACION DE SERVICIO TIAHUANACU,MANCO KAPAC CARRETERA LA PAZ DESAGUADERO KM 71 NRO  S/N Z/ MASAYA,POINT (-68.6714035 -16.5705192),2025-03-24 18:58:55.443,
2548,7687,2,ESTACION DE SERVICIO SEÑOR DE MAYO S.R.L.,CARRETERA A LAJA URB. YUNGUYO N 30 ZONA RIO SECO,POINT (-68.2166135 -16.4927004),2025-03-24 18:58:55.443,
2947,4957,2,SAN PEDRO,AV. 20 DE OCTUBRE ESQ. SANTOS MACHICADO ESQ. SANTOS MACHICADO 434 ZONA SAN PEDRO,POINT (-68.133885 -16.5041049),2025-03-24 18:58:55.443,
2700,958,2,DISTRIBUIDORA DE GASOLINA Y LUBRICANTES SAN PABLO SUCURSAL 2,EL ALTO AV. EA V. TEJADA TRIANGULAR CIVICA,POINT (-68.1567036 -16.5179594),2025-03-24 18:58:55.443,
2395,8058,2,ZURSIL S.R.L. E.S.T.,"EL ALTO-AV. 6 DE MARZO  NRO 500 ZONA VILLA BOLIVAR ""E"" ",POINT (-68.1703693 -16.5248904),2025-03-24 18:58:55.443,
2662,7809,2,TEXAS S.R.L.,EL ALTO - AV. CIVICA SATELITE NO. 101 ZONA: TEJADA RECTANGULAR,POINT (-68.1572745 -16.5217104),2025-03-24 18:58:55.443,
2332,7741,2,ESTACION DE SERVICIO DRAGON DE ORO,EL ALTO - AV. CIVICA NO. 800 ,POINT (-68.1579665 -16.5231992),2025-03-24 18:58:55.444,
2532,7752,2,ESTACION DE SERVICIO KANTUTA S.R.L.,"AVENIDA BUSCH, ESQ. CALLE HONDURAS N 885 ZONA MIRAFLORES",POINT (-68.121375 -16.4889724),2025-03-24 18:58:55.444,
2968,4960,2,CALACOTO,AV. BALLIVIAN ESQ. CALLE 25 ZONA CALACOTO,POINT (-68.075104 -16.5388),2025-03-24 18:58:55.444,
3182,52534,2,ESTACION DE SERVICIO COPACABANA,ZONA VILLA BELLA CRUZ AV. JOSE P MEJIA ENTRE CALLE ENTRE RIOS Y CALLE S/N,POINT (-69.08117 -16.16705),2025-03-24 18:58:55.444,
2805,4962,2,PATACAMAYA,AV. PANAMERICANA,POINT (-67.9053938 -17.2440708),2025-03-24 18:58:55.444,
2861,4958,2,ENTRE RIOS,AV. ENTRE RIOS ESQ. ABAROA,POINT (-68.1523403 -16.4985598),2025-03-24 18:58:55.444,
2479,1049,2,AUTOMOVIL CLUB BOLIVIANO,SAN JORGE AV. 6 DE AGOSTO NRO 2993,POINT (-68.1197745 -16.5151208),2025-03-24 18:58:55.444,
2620,7842,2,ESTACION DE SERVICIOS VOLCAN S.R.L.,AV. MONTES ESQ. PANDO NO. 101 ZONA SAN SEBASTIAN ,POINT (-68.1400486 -16.4911559),2025-03-24 18:58:55.444,
3241,1087,2,ESTACION DE SERVICIO GERENCIA AYMARA S.R.L.,C/ MAPIRI CAMINO GUANAY NRO S/N Z/ GERENCIA,POINT (-68.22382 -15.31807),2025-03-24 18:58:55.444,
2289,7972,2,GAS CENTRO S.R.L.,LA PAZ-CALLE INDABURO NO. 1396 ZONA: CENTRAL,POINT (-68.1308947 -16.4955841),2025-03-24 18:58:55.444,
2304,1527,2,EDUARDO YUPANQUI QUISPE SUCURSAL VENTILLA,"EL ALTO, CARRETERA A ORURO NRO 100, LOCALIDAD VENTILLA",POINT (-68.182903 -16.620387),2025-03-24 18:58:55.444,
2547,7686,2,ESTACION DE SERVICIO SAN SEBASTIAN S.R.L.,LA PAZ - URB. SAN SEBASTIAN Nro 30 ZONA: SENKATA,POINT (-68.1823827 -16.6300363),2025-03-24 18:58:55.444,
2934,7928,2,PEREZ ROCHA S.R.L.,LA PAZ - CALLE JUNIN NO. 857 EDIFICIO RESIDENCIAL LATINO PISO 1 OFICINA 02 ZONA CENTRAL,POINT (-68.257675 -16.5062771),2025-03-24 18:58:55.444,
2900,4963,2,SORATA,AV. SAMUEL TEJERINA,POINT (-68.6467864 -15.7782287),2025-03-24 18:58:55.444,
3166,48311,2,ESTACION DE SERVICIO ACHACACHI,"CARRETERA DOBLE VIA ACHACACHI ? HUARINA, KJASINA DE LA PROVINCIA OMASUYOS",POINT (-68.671898 -16.079599),2025-03-24 18:58:55.444,
2292,7910,2,RACING GAS S.R.L.,LA PAZ CALLE VENEZUELA NRO 22 ZONA VILLA SAN ANTONIO BAJO,POINT (-68.1164464 -16.498132),2025-03-24 18:58:55.444,
2505,7790,2,"ESTACION DE SERVICIO ""CHALY""",LA PAZ - AVENIDA RAMIRO CASTILLO NRO 20 ZONA: URUJARA,POINT (-68.0710634 -16.4291369),2025-03-24 18:58:55.444,
2622,7690,2,ESTACION DE SERVICIO QHANTATI S.R.L.,"AV. HACIA EL MAR NRO 52 ESQ. AV. 16 DE JULIO ZONA VILLA SARA VIACHA, LA PAZ - BOLIVIA",POINT (-68.2926186 -16.6458922),2025-03-24 18:58:55.444,
2811,8154,2,ESTACION DE SERVICIO CARRASCO S.R.L.,LA PAZ - CARRASCO KM. 20 CARANAVI NRO S/N ZONA: CARANAVI,POINT (-67.497701 -15.7455465),2025-03-24 18:58:55.444,
2530,7763,2,"ESTACION DE SERVICIO ""APOSTOL SANTIAGO""",EL ALTO-CARRETERA A VIACHA NRO 500 ZONA URB. VILLA ADELA,POINT (-68.2047146 -16.5492658),2025-03-24 18:58:55.444,
2384,7798,2,CRISTO AUTOGAS SOCIEDAD DE RESPONSABILIDAD LIMITADA,AVENIDA CHACALTAYA NRO.804 ZONA ACHACHICALA,POINT (-68.1454464 -16.4828422),2025-03-24 18:58:55.444,
2405,7899,2,ESTACION DE SERVICIO JAIMES FREYRE,LA PAZ - C JAIMES FREYRE 840 ZONA COTAHUMA,POINT (-68.1380444 -16.5153536),2025-03-24 18:58:55.444,
2478,7678,2,ESTACION DE SERVICIO CHASQUIPAMPA S.R.L,COTA-COTA. AV.MUÑOZ REYES ESQUINA CALLE 35 NRO S/N,POINT (-68.0570783 -16.5397801),2025-03-24 18:58:55.444,
2508,8112,2,ESTACION DE SERVICIO MARANATHA,LA PAZ-CARRETERA A LA PAZ-COTAPATA ZONA:URUJARA,POINT (-68.0790886 -16.4360367),2025-03-24 18:58:55.444,
2526,7771,2,SIEMPRE A FULL MIRAFLORES S.R.L. SAF S.R.L.,PLAZA SAN MARTIN NO 1313 Z. MIRAFLORES,POINT (-68.1211318 -16.5037285),2025-03-24 18:58:55.444,
2448,7782,2,"ESTACION DE SERVICIOS ""CHUSAMARCA""",EL ALTO CARRETERA  DESAGUADERO COMUNIDAD  CHUSAMARCA Nro S/N ZONA : CHUSAMARCA,POINT (-68.2700589 -16.5102546),2025-03-24 18:58:55.444,
3238,60274,2,"ESTACION DE SERVICIO ""DARTAÑAN""",ESPERANZA NRO. SN ZONA VILLA ESPERANZA LA ASUNTA - LA PAZ,POINT (-67.19264 -16.1268),2025-03-24 18:58:55.444,
3196,38598,2,"GRUPO EMPRESARIAL ""VIRGEN DE LOS ALAMOS"" S.R.L.","AV. LOS ALAMOS ESQUINA AV. COSTANERA N. 10, ZONA LA FLORIDA, LA PAZ",POINT (-68.0927863 -16.5458534),2025-03-24 18:58:55.444,
2453,7808,2,"ESTACION DE SERVICIO ""ADALUZ PETROL""",CARANAVI- CARRETERA A CARANAVI KM 7 NroS/N ZONA :BELLA VISTA ,POINT (-67.5611406 -15.8438487),2025-03-24 18:58:55.444,
2499,7744,2,CARBURANTES DEL SUR SOCIEDAD DE RESPONSABILIDAD LIMITADA,CALLE 17 DE OBRAJES ESQUINA AVENIDA 14 DE SEPTIEMBRE NRO 40 - ZONA OBRAJES,POINT (-68.100637 -16.5293839),2025-03-24 18:58:55.444,
2518,7877,2,SALIDA LTDA.,LA PAZ - AV. ALTAMIRANO NRO.3 UV: S/N MZNO: S/N ZONA: MALLASILLA,POINT (-68.0951586 -16.5627517),2025-03-24 18:58:55.444,
2689,957,2,DISTRIBUIDORA DE GASOLINA Y LUBRICANTES SAN PABLO (SUCURSAL NRO. 1),EL ALTO AV. PUCARANI ESQUINA SUCRE NO. 45,POINT (-68.1914183 -16.486475),2025-03-24 18:58:55.444,
2610,7815,2,ESTACION DE SERVICIO LOZA,EL ALTO- AVENIDA BOLIVIA ESQUINA CALLE 1 NRO 200 UV: S/N MZNO: S/N ZONA: SAN LUIS TASA ,POINT (-68.1957942 -16.5293895),2025-03-24 18:58:55.444,
2873,8172,2,ESTACION DE SERVICIO CRUCE LURIBAY S.R.L. E.S.C.L. S.R.L.,EL ALTO - CALLE 14 Nro 12 ZONA: ROSAS PAMPA,POINT (-67.521919 -17.4356314),2025-03-24 18:58:55.444,
2542,7919,2,ESTACION DE SERVICIO COSTANERA S.R.L.,AVENIDA COSTANERITA CALLE NRO 5 NRO 333 ZONA OBRAJES,POINT (-68.1118142 -16.5266201),2025-03-24 18:58:55.444,
3218,63006,2,ESTACION DE SERVICIO CARANAVI,ZONA SUB URBANA (SECTOR BRONCINI) AVENIDA EL CAFETAL LOTE 1-MANZANO 004,POINT (-67.57825 -15.82981),2025-03-24 18:58:55.444,
3123,37303,2,"ESTACION DE SERVICIO ""C. REDENTOR"" S.R.L.",EL ALTO - AVENIDA 6 DE MARZO  NO 110  ZONA: SENKATA,POINT (-68.0791855 -16.6608617),2025-03-24 18:58:55.444,
2487,8136,2,ESTACION DE SERVICIO BATALLAS S.R.L. E.S.B.A. S.R.L.,BATALLAS KM. 57 CARRETERA PANAMERICANA NO. S/N ZONA: BATALLAS,POINT (-68.5359802 -16.2954434),2025-03-24 18:58:55.444,
2529,7758,2,ESTACION DE SERVICIO CANDELARIA LTDA,AVENIDA 6 DE MARZO NRO 100 ZONA VILLA BOLIVAR E,POINT (-68.1734374 -16.534371),2025-03-24 18:58:55.444,
2772,7920,2,EDUARDO YUPANQUI QUISPE,CARRETERA EL ALTO - COPACABANA KM 8 SAN ROQUE,POINT (-68.2717436 -16.4758797),2025-03-24 18:58:55.444,
2536,7829,2,SOCIEDAD INDUSTRIAL COMERCIALIZADORA Y EXPORTADORA G.L.P.H. LTDA.,LA PAZ - AV CIRCUNVALACION ESQUINA CALLE VARGAS NRO 51 ZONA PAMPAHASI,POINT (-68.1058888 -16.5005036),2025-03-24 18:58:55.444,
2360,7906,2,ESTACION DE SERVICIO YUPANQUI,"CALLE INGAVI NRO 60, ZONA ALTO LIMA",POINT (-68.1721988 -16.4871116),2025-03-24 18:58:55.444,
2525,8056,2,ESTACION DE SERVICIO 6 DE MARZO,EL ALTO - AV. 6 DE MARZO CARRETERA A ORURO NRO 777 ZONA: PUCARANI,POINT (-68.1823432 -16.560009),2025-03-24 18:58:55.444,
2698,7905,2,"ESTACION DE SERVICIO ""CUENTAS SAN PABLO II S.R.L.",EL ALTO - AV. PANAMERICANA NRO 448 ZONA MARISCAL SUCRE,POINT (-68.2239427 -16.4862976),2025-03-24 18:58:55.444,
2774,7977,2,BASSAM LIMITADA,LA PAZ-AV. HERNANDO SILES NRO 4554 ZONA OBRAJES,POINT (-68.115175 -16.5219),2025-03-24 18:58:55.444,
3092,7952,2,ESTACION DE SERVICIO ILLIMANI S.R.L.,"EL ALTO - CARRETERA A VIACHA KM 3 CALLE 132, NRO 139, ZONA VILLA BOLIVAR ""D""",POINT (-68.1782057 -16.5217331),2025-03-24 18:58:55.444,
2747,40641,2,ESTACION DE SERVICIO CALUYO S.R.L.,EL ALTO CARRETERA A VIACHA NRO 71 ZONA VILLA PACAJES,POINT (-68.1875635 -16.5303423),2025-03-24 18:58:55.444,
2520,1511,2,ESUR G.H.S. LTDA.,CALLE 21 #8475 CALACOTO,POINT (-68.076583 -16.544748),2025-03-24 18:58:55.444,
2809,4959,2,URUGUAY,AV. MONTES 539 ESQ. URUGUAY,POINT (-68.139397 -16.490999),2025-03-24 18:58:55.444,
2457,7853,2,ESTACION DE SERVICIO M&G CAMINO REAL,LA PAZ CARRETERA COPACABANA KM 10 NRO 1000 ZONA POMAMAYA ALTA,POINT (-68.2920287 -16.4701983),2025-03-24 18:58:55.445,
2696,7660,2,ESTACION DE SERVICIO JACHA INTI S.R.L.,LA PAZ-AV.PRINCIPAL NO. 40 ZONA: VILLA EL CARMEN,POINT (-68.1138289 -16.4677976),2025-03-24 18:58:55.445,
2715,7850,2,ESTACION DE SERVICIO KONANI S.R.L.,EL ALTO - CALLE 4 NRO 121 ZONA VILLA AROMA,POINT (-67.52053 -17.43639),2025-03-24 18:58:55.445,
2394,7913,2,"ESTACION DE SERVICIO ""VARELA""",LAJA: CARRETERA LA PAZ LAJA NO. 1000 ZONA: HUANCARANA,POINT (-68.3765398 -16.5309211),2025-03-24 18:58:55.445,
2552,7849,2,ALTO LIMA S.R.L.,AVENIDA 10 ESQUINA CALLE SUCRE - ZONA ALTO LIMA CIUDAD DE EL ALTO DEL DEPARTAMENTO DE LA PAZ,POINT (-68.1854033 -16.480782),2025-03-24 18:58:55.445,
2470,7728,2,AUTOMOVIL CLUB BOLIVIANO,CALACOTO - CALLE 12 ESQ. GRAL INOFUENTES - NRO 7823,POINT (-68.0874 -16.53892),2025-03-24 18:58:55.445,
2493,7828,2,ESTACION DE SERVICIO ALTAMIRANO S.R.L.,EL ALTO - CALLE 8 DE DICIEMBRE CARRETERA VIACHA KM. 7 NO. 2002 ZONA: V. CONCEPCION,POINT (-68.1964379 -16.541148),2025-03-24 18:58:55.445,
2945,7870,2,MADIDI SAN BUENAVENTURA,CARRETERA TUMOPASA Z/ SANTA ROSA LOCALIDAD SAN BUENAVENTURA DEPARTAMENTO LA PAZ,POINT (-67.5467367 -14.4259454),2025-03-24 18:58:55.445,
2779,7927,2,ESTACION DE SERVICIO TEOPONTE S.R.L.,LA PAZ KM.1 CAMINO A CARANAVI - GUANAY NRO S/N ZONA SANTA ROSA,POINT (-67.8832386 -15.5000912),2025-03-24 18:58:55.445,
2802,7872,2,ESTACION DE SERVICIO V. COPACABANA,LA PAZ CARRETERA A COPACABANA FRENTE AL CEMENTERIO NRO S/N Z/ INTI KALA,POINT (-69.0827283 -16.1687122),2025-03-24 18:58:55.445,
2703,7721,2,ESTACION DE SERVICIO ZOFRI S.R.L.,LA PAZ - AV. 6 DE MARZO (ANTIGUA CARRETERA A ORURO) NRO 279 ZONA: ROSAS PAMPA,POINT (-68.1798109 -16.5563406),2025-03-24 18:58:55.445,
2783,7779,2,"ESTACION DE SERVICIO ""PLAYA VERDE""",CERRETERA A COPACABANA S/N ZONA: CUCUTA MUNICIPIO: PUCARANI LOCALIDAD: CUCUTA PROVINCIA: LOS ANDES DEPARTAMENTO: LA PAZ,POINT (-68.3180883 -16.4504775),2025-03-24 18:58:55.445,
2454,7768,2,ESTACION DE SERVICIO LAREDO S.R.L.,"EL ALTO - AV. 6 DE MARZO NO. 1962 ZONA VILLA BOLIVAR ""E""",POINT (-68.1717442 -16.5294704),2025-03-24 18:58:55.445,
2798,8101,2,ESTACION DE SERVICIOS DE COMBUSTIBLES JUAN PABLO II,EL ALTO-AV. JUAN PABLO II NO. 135 ZONA: VILLA TUNARI,POINT (-68.198245 -16.4927577),2025-03-24 18:58:55.445,
2534,7738,2,SURTIDORES UNITOURS LTDA.,LA PAZ - AV. PRINCIPAL NRO. S/N ZONA JUPAPINA,POINT (-68.070438 -16.6009017),2025-03-24 18:58:55.445,
2716,7688,2,GAS-MAY S.R.L.,LA PAZ AV. LA PAZ CARRETERA A YUNGAS NRO 8 ZONA CHUQUIAGUILLO,POINT (-68.0998086 -16.4559605),2025-03-24 18:58:55.445,
2571,7711,2,ESTACION DE SERVICIO TOLAR S.R.L.,AYO AYO CARRETERA ORURO KM 70 AV. PANORAMICA ZONA TARACOLLO,POINT (-68.06671 -17.00482),2025-03-24 18:58:55.445,
3220,61628,2,"ESTACION DE SERVICIO ""ESCOMA"" S.R.L.",ESCOMA - CARRETERA ESCOMA NRO S/N UV: S/N MZNO: S/N ZONA: CENTRAL,POINT (-68.134323 -16.495899),2025-03-24 18:58:55.445,
3206,58454,2,"""CANIAX S.R.L.""",CANTON ILAVAYA COMUNIDAD ATAHUALLPANI NRO. S/N ZONA KONCORASPAMPA,POINT (-67.687202 -15.7802),2025-03-24 18:58:55.445,
2677,41211,2,ESTACION DE SERVICIO BALLIVIANSANTABARBARA,CARRETERA CARANAVI KM 100ZONA SAN JOAQUIN,POINT (-67.7220004 -16.1633901),2025-03-24 18:58:55.445,
2450,8078,2,"ESTACION DE SERVICIO "" LOZA DE ORO """,PROVINCIA INGAVI-CARRETERA A DESAGUADERO KM 78 S/N ZONA: YANARI,POINT (-68.9363197 -16.5949382),2025-03-24 18:58:55.445,
3252,58489,2,"ESTACION DE SERVICIO ""GALAXIA"" S.R.L.",CARRETERA A LAJA NRO. S/N ZONA COMUNIDAD TACACHIRA,POINT (-68.26291 -16.50814),2025-03-24 18:58:55.445,
3083,8128,2,"ESTACION DE SERVICIO ""MADAGASCAR"" S.R.L.",LA PAZ-KM. 52 NO S/N UV: S/N MZNO: S/N ZONA: BELLA VISTA,POINT (-67.259261 -15.6513045),2025-03-24 18:58:55.445,
3246,67615,2,"ESTACION DE SERVICIO ""ALIMARC"" INTER GAS BOLIVIA S.R.L.",AV. 6 DE MARZO NRO. SIN NUMERO ZONA URB. PUCARANI INDUSTRIAL,POINT (-68.18475 -16.57789),2025-03-24 18:58:55.445,
2683,7917,2,ALVAPETROL,CARANAVI - AV. KILOMETRO 7 Nro S/N ZONA CENTRAL,POINT (-67.5638174 -15.8350213),2025-03-24 18:58:55.445,
2685,8149,2,ESTACION DE SERVICIOS YARA S.R.L.,CARANAVI- C MCAL SANTA CRUZ VILLA YARA,POINT (-67.5566314 -15.8364732),2025-03-24 18:58:55.445,
2580,8145,2,ITURRALDE S.R.L.,TRINIDAD-C/ ORURO ESQ. VACA DIEZ NO. 701 ZONA NORTE LOCALIDAD DE APOLO,POINT (-68.4152428 -14.7254061),2025-03-24 18:58:55.445,
2690,7915,2,ESTACION DE SERVICIO SAN PABLO VILLA BOLIVAR S.R.L.,"EL ALTO - CARRETERA VIACHA Nro52 ZONA VILLA BOLIVAR ""B""",POINT (-68.1735828 -16.5167508),2025-03-24 18:58:55.445,
3221,27328,2,SUCURSAL NO. 1,CALLE LOS PINOS S/N ZONA BARRIO QUIABAYA,POINT (-68.7003879 -15.6316718),2025-03-24 18:58:55.445,
4027,15598,2,ESTACION DE SERVICIO MEJIA S.R.L.,LA ASUNTA - CARRETERA LA ASUNTA - CHARIA Nro S/N ZONA S/Z,POINT (-67.1953432 -16.1233033),2025-03-24 18:58:55.445,
2899,8091,2,LUBRICAN SRL,LA PAZ - AV. PERIFERICA JUAN JOSE TORREZ GONZALES NRO 10 ZONA VILLA DE CRUZ,POINT (-68.1308843 -16.4867353),2025-03-24 18:58:55.445,
2870,8118,2,SOCIEDAD PERLA ANDINA S.R.L.,EL ALTO-ENTRAD AL PUEBLO DE CARABUCO NO. S/N MNZO,POINT (-69.0672668 -15.7545696),2025-03-24 18:58:55.445,
2563,7968,2,ESTACION DE SERVICIO CHALLAPAMPA S.R.L.,CARRETERA LA PAZ - ORURO KM. 15 1/2 S/N ZONA ACHICA ARRIBA,POINT (-68.1855839 -16.7264829),2025-03-24 18:58:55.445,
2793,7974,2,CARBURANTES SAN MIGUEL,GUANAY. AV. GUANAY CARRETERA A RURRENABAQUE NRO S/N ZONA DURAN PLAYA,POINT (-67.8790601 -15.5013831),2025-03-24 18:58:55.445,
2912,7953,2,ESTACION DE SERVICIOS NIMAGASBOL,EL ALTO-CAMINO A ORURO NRO 1500 ZONA MAZOCRUZ,POINT (-68.18865 -16.6817502),2025-03-24 18:58:55.445,
2913,7950,2,ESTACION DE SERVICIO LAS ROSAS S.R.L.,EL ALTO - CARRETERA A VIACHA KM 5 NRO. 77 ZONA JANKO KALANI,POINT (-68.2020237 -16.5474691),2025-03-24 18:58:55.445,
3040,11891,2,ESTACION DE SERVICIO UMAMARCA,CORIPATA - CALLE INNOMINADA NRO S/N UV: S/N MZNO: S/N ZONA: UMAMARCA,POINT (-67.6093637 -16.3134743),2025-03-24 18:58:55.445,
2746,7707,2,CORTEZ & CORTEZ S.R.L.,LA PAZ AV. JUAN PABLO II EL ALTO Nro 4444 ZONA VILLA ESPERANZA,POINT (-68.1998734 -16.4915498),2025-03-24 18:58:55.445,
4016,7980,2,ESTACION DE SERVICIO FLOR DE CAÑA S.R.L.,CARANAVI - CARANAVI CALLE LITORAL S/N,POINT (-67.563948 -15.8326064),2025-03-24 18:58:55.445,
2943,7981,2,"ESTACION DE SERVICIO SURTIDOR ""TUMUPASA"" S.R.L.",SAN BUENAVENTURA - CARRETERA A IXIAMAS NRO S/N ZONA TUMUPASA,POINT (-67.8911136 -14.1380331),2025-03-24 18:58:55.445,
2788,7994,2,GASOLINERA HUATAJATA S.R.L.,LA PAZ CARRETERA A COPACABANA S/N ZONA: CHILAYA ,POINT (-68.6887547 -16.2126223),2025-03-24 18:58:55.445,
2806,8074,2,GASOLCAMP S.R.L.,IRUPANA - AV. PASTO GRANDE NRO 120 ZONA: CHURIACA,POINT (-67.4538008 -16.476374),2025-03-24 18:58:55.445,
2776,7885,2,ESTACION DE SERVICIO INTEROCEANICO,CARRETERA LA PAZ DESAGUADERO KM 7 S/N ZONA TAKACHIRA,POINT (-68.2720904 -16.5111289),2025-03-24 18:58:55.445,
2609,7860,2,"ESTACION DE SERVICIO ""COTA PATA"" S.R.L.","LA PAZ- CARRETERA  A NOR YUNGAS, KM 53 NroS/N ZONA S/Z",POINT (-67.8492935 -16.2869159),2025-03-24 18:58:55.445,
2447,8144,2,ESTACION DE SERVICIO ACHACACHI S.R.L.,ACHACACHI-AV. LA PAZ NO. 100 ZONA SUR,POINT (-68.6811199 -16.0536873),2025-03-24 18:58:55.445,
2752,7833,2,LUCAS YUPANQUI QUISPE,CALLE 5 NRO.1026 ZONA VILLA DOLORES,POINT (-68.1598093 -16.5100304),2025-03-24 18:58:55.445,
2928,8075,2,ESTACION DE SERVICIO UCHUMACHI,COROICO-COROICO NOR YUNGAS NO. S/N ZONA: COROICO,POINT (-67.7258586 -16.1931339),2025-03-24 18:58:55.445,
2956,8046,2,ESTACION DE SERVICIO PALOS BLANCOS,LA PAZ-AV. LA PAZ NO. 20 ZONA: SAN PEDRO,POINT (-67.2515788 -15.5801092),2025-03-24 18:58:55.445,
2507,7967,2,ESTACION DE SERVICIOS DESAGUADERO S.R.L.,AVENIDA JESUS DE MACHACA S/N ZONA DESAGUADERO,POINT (-69.0291847 -16.5690573),2025-03-24 18:58:55.445,
2361,7732,2,ESTACION DE SERVICIO CRISTO REY,AVENIDA JUAN PABLO II ESQUINA LISBOA S/N ZONA 16 DE JULIO,POINT (-68.1958983 -16.493952),2025-03-24 18:58:55.445,
2557,8006,2,ESTACION DE SERVICIO FULL TANK DE AMILCAR DIPP MERCADO,VIACHA ACHICA ARRIBA NRO S/N ZONA ACHICA ARRIBA,POINT (-68.1862465 -16.7183435),2025-03-24 18:58:55.445,
2764,8055,2,ESTACION DE SERVICIO LOS ROSALES,ACHOCALLA CARRETERA PRINCIPAL NRO 77 ZONA BOLIVAR,POINT (-68.1733678 -16.572039),2025-03-24 18:58:55.445,
2694,7748,2,"ESTACION DE SERVICIO ""MUNDIAL""",EL ALTO-CARRETERA A ORURO Nro S/N ZONA: VENTILLA,POINT (-68.183338 -16.6151228),2025-03-24 18:58:55.445,
3126,7946,2,ESTACION DE SERVICO SAYHOGAS S.R.L.,IXIAMAS - IXIAMAS  CARRETERA TUMUPASA - LOCALIDAD IXIAMAS ZONA: IXIAMAS,POINT (-68.1272338 -13.7794219),2025-03-24 18:58:55.445,
2539,7997,2,GASOLINERA CUCUTA,LA PAZ - CUCUTA CARRETERA A HUARINA NRO S/N ZONA: CUCUTA,POINT (-68.3045336 -16.4658972),2025-03-24 18:58:55.445,
2765,7716,2,ESTACION DE SERVICIO LOS ANDES SRL,LAJA-CARRETERA LA PAZ -GUAQUI KM 12 NroS/N ZONA KALLUTACA,POINT (-68.3120706 -16.5276204),2025-03-24 18:58:55.445,
3069,12648,2,ESTACION DE SERVICIO HUANCANE Y TRANSPORTE S.R.L.,CHULUMANI - LOCALIDAD DE HUANCANE NRO S/N ZONA S/Z DEL DEPARTAMENTO DE LA PAZ,POINT (-67.5358415 -16.392685),2025-03-24 18:58:55.445,
2958,7978,2,"ESTACION DE SERVICIO ""NETANEL""",LA PAZ - CARRETERA LA PAZ - BENI CRUCE CARRET. PALOS BLANCOS NRO S/N ZONA: SAPECHO,POINT (-67.3448356 -15.5586207),2025-03-24 18:58:55.445,
2490,1776,2,SURTIDOR VICTORIA S.R.L.,AV. 6 DE MARZO. CARRETERA A ORURO Nro220 - ZONA 12 DE OCTUBRE,POINT (-68.1671585 -16.5183777),2025-03-24 18:58:55.445,
2517,12196,2,ESTACION DE SERVICIO ISSUCADELA S.R.L.,PATACAMAYA,POINT (-67.6819634 -17.3715106),2025-03-24 18:58:55.445,
2647,7979,2,ESTACION DE SERVICIO TERRAGAS LTDA, LA PAZ - KILOMETRO 17 DE LA LOCALIDAD DE HUAJCHILLA Nro S/N ZONA MECAPACA ,POINT (-68.0359528 -16.6533184),2025-03-24 18:58:55.445,
2329,7682,2,MOTORECO S.R.L. MOTORIZACION ECOLOGICA S.R.L.,CALLE SUCRE NRO 1597 ZONA CENTRAL,POINT (-68.1278827 -16.496321),2025-03-24 18:58:55.445,
2711,8007,2,ESTACION DE SERVICIO PARAISO TROPICAL,"PUENTE ALTO BENI, SANTA ANA DE BELLAVISTA, PROVINCIA CARANAVI, DEPARTAMENTO LA PAZ",POINT (-67.3761754 -15.5617541),2025-03-24 18:58:55.445,
2359,8065,2,ESTACION DE SERVICIO EL PARAISO S.R.L.,"AV. A-4 JUNIN NRO 1615, VILLA ADELA, ZONA PARAISO",POINT (-68.21411 -16.52627),2025-03-24 18:58:55.445,
2784,8099,2,ESTACION DE SERVICIOS GUANAY,LA PAZ-PROVINCIA LARECAJA NO S/N ZONA: CENTRAL,POINT (-67.8831847 -15.5001127),2025-03-24 18:58:55.445,
2742,8098,2,ESTACION DE SERVICIO LAHUACHACA Y DISTRIBUCION DE GLP,LA PAZ- AV. PANAMERICANA CARRETERA LA PAZ-ORURO KM. 35 S/N ZONA: LAHUACHACA,POINT (-67.6819634 -17.3715106),2025-03-24 18:58:55.445,
2825,616,3,ESTACION DE SERVICIO AIQUILE,AV.: BOLIVAR Nro S/N ZONA : VILLA GUADALUPE,POINT (-65.191346 -18.2168464),2025-03-24 18:58:55.502,
2306,730,3,ESTACION DE SERVICIO URKUPIÑA I,COCHABAMBA AV. CIRCUNVALACION - ESQUINA FRANCISCO BEDREGAL,POINT (-66.1602441 -17.3651061),2025-03-24 18:58:55.502,
2643,961,3,DISEL S.R.L. SUCURSAL 1,AVENIDA ALBINA PATIÑO S/N ZONA PURGATORIO - COCHABAMBA,POINT (-66.3202457 -17.3959165),2025-03-24 18:58:55.502,
3171,47747,3,ESTACION DE SERVICIO PAPU S.R.L.,"AVENIDA LOS LIBERTADORES Nro S/N, ZONA LADERA LOTE Nro 30 MANZANO D",POINT (-66.0328372 -17.6036075),2025-03-24 18:58:55.502,
2991,4971,3,AMERICA,AV. AMERICA ESQ. CALLE PACHAMAMA ZONA CALA CALA,POINT (-66.1732204 -17.3715955),2025-03-24 18:58:55.502,
2615,1968,3,EL MANANTIAL CENTRO DE SERVICIOS Y COMERCIO S.R.L. SUC I,AV. SIMON LOPEZ # 1930,POINT (-66.183896 -17.3575562),2025-03-24 18:58:55.502,
2989,4972,3,VALLE HERMOSO,AV. PETROLERA KM 5 1/2 ZONA VALLE HERMOSO,POINT (-66.1371125 -17.4454226),2025-03-24 18:58:55.502,
2909,4974,3,VILLA TUNARI,VILLA TUNARI,POINT (-65.4220908 -16.976194),2025-03-24 18:58:55.502,
2600,7895,3,ESTACION DE SERVICIO IQUIRCOLLO S.R.L.,COCHABAMBA-AV. BLANCO GALINDO KM 11 1/2 NRO S/N  UV: S/N MZNO: S/N ZONA: IQUIRCOLLO,POINT (-66.2648048 -17.3920059),2025-03-24 18:58:55.502,
3095,22746,3,ESTACION DE SERVICIO PARAJE 24.7 S.R.L.,COCHABAMBA - AV. BLANCO GALINDO KM. 10  Nro S/N  ZONA: PIÑAMI SUD,POINT (-66.2510492 -17.3917272),2025-03-24 18:58:55.502,
2598,1969,3,EL MANANTIAL CENTRO DE SERVICIOS Y COMERCIO S.R.L. SUC II,AV. JUAN DE LA CRUZ TORRES # 1005,POINT (-66.1422762 -17.3809691),2025-03-24 18:58:55.502,
2786,1886,3,ESTACION DE SERVICIO COCHABAMBA S.R.L. SUCURSAL I,AV.  CIRCUNVALACION BEIJING  ENTRE CALLES RIGOBERTO SAENZ Y F.SUAREZ,POINT (-66.1797599 -17.3681063),2025-03-24 18:58:55.502,
2709,2118,3,ESTACION DE SERVICIO TRANS SACABA S.A.II,CARRETERA NUEVA A SANTA CRUZ KM.18 1/2,POINT (-66.0063713 -17.4063164),2025-03-24 18:58:55.502,
2905,4970,3,CALA CALA,AV. SIMON LOPEZ ENTRE M. PEREZ DE OLGUIN Y G. R. MORENO ZONA CALA CALA,POINT (-66.173376 -17.3653391),2025-03-24 18:58:55.502,
3115,8178,3,ESTACION DE SERVICIO DAYANA,"TOLATA CARRETERA ANTIGUA STA CRUZ KM 20,5 NroS/N ZONA CARCAJE",POINT (-66.0594992 -17.5417215),2025-03-24 18:58:55.502,
3063,11243,3,FORTALEZA ENERGY S.R.L.,TIQUIPAYA - CALLE COCHABAMBA NRO 742 ZONA:CENTRAL,POINT (-66.222632 -17.338446),2025-03-24 18:58:55.502,
3055,7934,3,ESTACION DE SERVICIO BEIJING,AVENIDA  BEIJING ESQUINA CALLE  23 DE MARZO NRO S/N  DE LA ZONA VILLA BUCHS NORTE,POINT (-66.1834935 -17.3897927),2025-03-24 18:58:55.502,
2941,8039,3,ESTACION DE SERVICIO ADRIAN,AV. MONS. WALTER ROSALES CLIZA S/N ZONA CLIZA,POINT (-65.9352525 -17.5680744),2025-03-24 18:58:55.502,
2307,7761,3,ESTACION DE SERVICIO SEÑOR SANTIAGO,COCHABAMBA - AV. SIGLO XX NRO 326 ZONA SUD,POINT (-66.1330358 -17.4252143),2025-03-24 18:58:55.502,
2291,7785,3,ESTACION DE SERVICIO URKUPIÑA,COCHABAMBA AV. BLANCO GALINDO KM. 6 1/2 (COLCAPIRHUA),POINT (-66.2155809 -17.3915712),2025-03-24 18:58:55.502,
3032,7821,3,ESTACION DE SERVICIO SAN JORGE CBBA. S.R.L.,AVENIDA BLANCO GALINDO KM. 14 1/2 BARRIO MANACO,POINT (-66.2904333 -17.3942972),2025-03-24 18:58:55.502,
2657,7804,3,SURTIDOR EL CRISTO,AVENIDA JUAN DE LA ROSA NRO 121,POINT (-66.1657508 -17.3795766),2025-03-24 18:58:55.502,
2543,7817,3,ESTACION DE SERVICIO CIRCUITO BOLIVIA S.A.,AVENIDA 6 DE AGOSTO ESQUINA CIRCUITO BOLIVIA  S/N FRENTE A  LAGUNA ALALY PLENA ESQUINA DE LA ZONA CERRO VERDE,POINT (-66.1449663 -17.4067161),2025-03-24 18:58:55.502,
2663,7677,3,"COMERCIALIZADORA ""QK"" S.R.L.","COCHABAMBA- AVENIDA. VILLAZON KM 11.1/2 NRO S/N EDIFICIO SURTIDOR ""QK"" ZONA:GUADALUPE",POINT (-66.0612373 -17.4161668),2025-03-24 18:58:55.502,
3043,8013,3,ESTACION DE SERVICIO ARANI,AV. INGAVI S/N ZONA ARANI,POINT (-65.776293 -17.5684056),2025-03-24 18:58:55.502,
2867,8017,3,ESTACION DE SERVICIO ARISPE,COCHABAMBA - CARRETERA A SANTA CRUZ NRO S/N ZONA: TOLATA,POINT (-65.9707382 -17.5318928),2025-03-24 18:58:55.502,
2409,7903,3,ESTACION DE SERVICIO LAS ISLAS,AVENIDA BLANCO GALINDO KM 5 1/2 ESQUINA SEXTA S/N,POINT (-66.2087413 -17.3917709),2025-03-24 18:58:55.502,
2297,8071,3,ESTACION DE SERVICIO MAX MAMANGUEÑO,AV. REDUCTO S/N ZONA CUATRO ESQUINAS,POINT (-66.2295043 -17.3636363),2025-03-24 18:58:55.502,
2950,7826,3,ESTACION DE SERVICIO MIZQUE,CARRETERA  A MIZQUE AIQUILE   NRO S/N  ZONA KONCHUPATA PROVINCIA MIZQUE  ESTA SOBRE LA CARRETERA.,POINT (-65.3369617 -17.9391951),2025-03-24 18:58:55.502,
2856,8052,3,ESTACION DE SERVICIO TIRAQUE,COCHABAMBA AV SANTA CRUZ NRO S/N ZONA TIRAQUE,POINT (-65.722615 -17.4336921),2025-03-24 18:58:55.502,
2697,7916,3,ESTACION DE SERVICIO CHIMBOCO,AV. BARRIENTOS S/N KM 14.5 ZONA CHIMBOCO,POINT (-66.0437716 -17.4000347),2025-03-24 18:58:55.502,
4026,7797,3,ESTACION DE SERVICIO TRUJILLO ORELLANA,AVENIDA  PANAMERICANA NRO S/N  ZONA CENTRAL CHIMORE,POINT (-65.1487478 -16.9969531),2025-03-24 18:58:55.502,
2656,7819,3,ESTACION DE SERVICIOS SIPE SIPE S.R.L.,"ZONA MONTENEGRO,CARRETERA COCHABAMBA ORURO",POINT (-66.337881 -17.4427554),2025-03-24 18:58:55.502,
2489,7811,3,ESTACION DE SERVICIO ARANJUEZ,AV. GENERAL GALINDO NRO 1472,POINT (-66.1426161 -17.3702159),2025-03-24 18:58:55.502,
2578,7840,3,PETROGAS SERVICIOS PETROLEROS S.R.L.,COCHABAMBA- AV. INGAVI ESQUINA DANIEL CAMPOS NRO S/N ZONA: CHIMBA,POINT (-66.1797237 -17.405131),2025-03-24 18:58:55.502,
2679,7836,3,DISEL S.R.L.,AVENIDA BLANCO GALINDO K.M. 12.5 NRO S/N - ZONA IQUIRCOLLO - COCHABAMBA,POINT (-66.2686856 -17.3926172),2025-03-24 18:58:55.502,
2916,7909,3,ESTACION DE SERVICIO SUTICOLLO,COCHABAMBA - KM 26 CARRETERA CONFITAL NRO S/N ZONA: SUTICOLLO,POINT (-66.3390364 -17.468408),2025-03-24 18:58:55.502,
2308,7712,3,ESTACION DE SERVICIO RIOJA,AV. PETROLERA KM 4.5,POINT (-66.1379925 -17.4450822),2025-03-24 18:58:55.502,
2555,7812,3,EL MANANTIAL CENTRO DE SERVICIOS Y COMERCIO S.R.L.,AV. 6 DE AGOSTO # 159,POINT (-66.1550514 -17.412664),2025-03-24 18:58:55.502,
3124,30064,3,ESTACION DE SERVICIO TICTI S.R.L.,COCHABAMBA - AV. PETROLERA KM. 2 NRO S/N MZNO: 005 ZONA: TICTI SUD,POINT (-66.1501086 -17.4311736),2025-03-24 18:58:55.502,
2295,39464,3,ESTACION DE SERVICIO SEÑOR SANTIAGO SUCURSAL 1,AV. MELCHOR PEREZ DE OLGUIN ESQ. AV. CIRCUNVALACION,POINT (-66.1726928 -17.3602861),2025-03-24 18:58:55.502,
2416,7725,3,SURTIDOR NISSAN,COCHABAMBA - AV. PETROLERA KM 1 NRO S/N ZONA: SUD,POINT (-66.1521789 -17.4195787),2025-03-24 18:58:55.502,
2763,7843,3,ESTACION DE SERVICIO 24 DE SEPTIEMBRE S.R.L.,COCHABAMBA - AV. COBOCE -EL TAMBO-CAMINO IRPA IRPA NRO S/N ZONA: EL TAMBO,POINT (-66.2760272 -17.7248618),2025-03-24 18:58:55.502,
2877,7892,3,ESTACION DE SERVICIO ANITA,AVENIDA ELIODORO VILLAZON NRO. 5824 ZONA PUNTITI,POINT (-66.1001319 -17.3861457),2025-03-24 18:58:55.502,
2753,7891,3,ESTACION DE SERVICIO CHIMORE,CARRETERA NUEVA COCHABAMBA - STA CRUZ KM 198 LOCALIDAD CHIMORE,POINT (-65.1609241 -16.9963069),2025-03-24 18:58:55.502,
2648,7957,3,AUTOMOVIL CLUB BOLIVIANO FILIAL COCHABAMBA - UNIDAD CARBURANTES S.R.L.,COCHABAMBA - AVENIDA BLANCO GALINDO KM. 1 1/2 Nro 171 EDIFICIO: AUTOMOVIL CLUB PISO: PRIMER ZONA: HIPODROMO,POINT (-66.1741594 -17.3934068),2025-03-24 18:58:55.502,
3102,19021,3,ESTACION DE SERVICIO PANAMERICANA SUCURSAL COCHABAMBA,COCHABAMBA - AVENIDA TADEO HAENKE ESQ. CALLE ISMAEL CESPEDES S/N,POINT (-66.183007 -17.383223),2025-03-24 18:58:55.502,
3012,15494,3,ESTACION DE SERVICIO EQGAS S.R.L.,CALLE TTE. LUCIO CANEDO S/N,POINT (-65.841989 -17.541892),2025-03-24 18:58:55.502,
3077,7884,3,ESTACION DE SERVICIO CITY TRUCK FH S.R.L.,AV. VILLAZON KM 10.5,POINT (-66.0524195 -17.3985383),2025-03-24 18:58:55.502,
3134,16269,3,ESTACION DE SERVICIO SAN JUAN BAUTISTA S.R.L.,AVENIDA GUAYACAN NRO S/N  ZONA: VILLA EUCALIPTOS NORTE,POINT (-66.1199884 -17.422894),2025-03-24 18:58:55.502,
2640,7854,3,COMPAÑIA COMERCIAL DE GAS COMPRIMIDO CGC SRL,CARRETERA CONFITAL KM 19 1/2,POINT (-66.331176 -17.408221),2025-03-24 18:58:55.502,
4029,1712,3,ESTACION DE SERVICIO LORETO S.R.L.- SUCURSAL COCHABAMBA I,AV. PANAMERICANA ENTRE SANTA BARBARA Y SANTA INES,POINT (-66.1622075 -17.4387464),2025-03-24 18:58:55.502,
2305,7669,3,CARRASCO S.R.L. COMERCIALIZADORA DE HIDROCARBUROS,COCHABAMBA- CALLE CHIRIGUANO ESQ. LAIME Nro 42: ZONA SARCOBAMBA,POINT (-64.5189559 -17.205887),2025-03-24 18:58:55.502,
2951,8066,3,SURTIDOR CAMPERO,AV BOLIVAR NRO S/N ZONA EL RETIRO,POINT (-65.1788316 -18.1971489),2025-03-24 18:58:55.502,
2417,7868,3,ISABEL CHAVEZ,AV. PETROLERA KM 9 ZONA: USPA-USPA.,POINT (-65.9797547 -17.3800664),2025-03-24 18:58:55.502,
2633,8021,3,CENTRO DE SERVICIO PORTALEZ SRL,AV. SANTA CRUZ NRO 1400,POINT (-66.1567481 -17.3746605),2025-03-24 18:58:55.502,
3081,20238,3,CHIÑATA S.R.L.,SACABA - CARRETERA NUEVA SANTA CRUZ KM 20 NRO S/N ZONA: SAN GANGOCHE,POINT (-65.9991736 -17.4075785),2025-03-24 18:58:55.502,
2942,7663,3,ESTACION DE SERVICIO LA MERCED S.R.L.,COCHABAMBA - AV. COBOCE Nro S/N ZONA: IRPA IRPA,POINT (-66.2835453 -17.7213732),2025-03-24 18:58:55.502,
3005,7926,3,ESTACION DE SERVICIO SANTA MONICA S.R.L.,AVENIDA MELCHOR PEREZ DE OLGUIN NRO 279 ANTES DE LLEGAR A LA  SIMON LOPEZ A MEDIA CUADRA  ZONA NORESTE,POINT (-66.1757811 -17.3668477),2025-03-24 18:58:55.502,
2228,7673,3,KHORA ESTACION DE SERVICIO,AV. KHORA Y CALLE ENRIQUE FIEBIK NO. S/N ZONA: TIQUIPAYA,POINT (-66.2142654 -17.3393366),2025-03-24 18:58:55.502,
2954,8092,3,ESTACION DE SERVICIO EPIZANA,CALLE MERCEDES ANAYA S/N ZONA EPIZANA,POINT (-65.2325892 -17.6342577),2025-03-24 18:58:55.502,
2769,7724,3,ESTACION DE SERVICIO PAROTANI S.R.L.,COCHABAMBA - CARRETERA CONFITAL QUILLACOLLO- ORURO KM. 37 S/N ZONA PAROTANI,POINT (-66.3433721 -17.5606689),2025-03-24 18:58:55.502,
2910,4973,3,IVIRGARZAMA,IVIRGARZAMA - COCHABAMBA,POINT (-64.866687 -17.0398465),2025-03-24 18:58:55.502,
2800,7737,3,SURTIDOR VILLA OBRAJES,AV. BARRIENTOS KM 17 1/2 ZONA: VILLA OBRAJES S/N,POINT (-66.0185646 -17.4050828),2025-03-24 18:58:55.502,
2853,11965,3,ESTACION DE SERVICIO 20 DE DICIEMBRE,CALLE 20 DE DICIEMBRE S/N ZONA IQUIRCOLLO,POINT (-66.2755309 -17.3902432),2025-03-24 18:58:55.502,
2946,8041,3,ESTACION DE SERVICIO ALEX,KM 222 CARRETERA COCHABAMBA SANTA CRUZ LOCALIDAD IVIRGARZAMA CARRASCO PUERTO VILLARROEL,POINT (-66.0786438 -16.165878),2025-03-24 18:58:55.502,
3090,16198,3,ESTACION DE SERVICIO CHULLPANI,COLOMI - CARRETERA NUEVA A SANTA CRUZ KM 42 S/N ZONA CHULLPANI,POINT (-65.8479499 -17.3571306),2025-03-24 18:58:55.502,
2829,7881,3,INVERSIONES VALLE SUR S.A.,PASAJEE TARIJA NRO S/N  EDIFICIO PRESIDENTE  PISO  PB ZONA NORTE,POINT (-66.0239772 -17.6119443),2025-03-24 18:58:55.502,
3140,17727,3,ESTACION DE SERVICIO IQUIRCOLLO S.R.L. SUCURSAL,QUILLACOLLO - CALLE  SANTA CRUZ  ENTRE  CALLE INNOMINADA S/N,POINT (-66.2838204 -17.3829451),2025-03-24 18:58:55.502,
3050,15646,3,ESTACION DE SERVICIO COCHABAMBA S.R.L. SUCURSAL II,AV. CIRCUNVALACION II S/N,POINT (-66.1730648 -17.347014),2025-03-24 18:58:55.502,
2408,8084,3,ESTACION DE SERVICIO MONTERREY S.R.L.,AV. BLANCO GALINDO KM 6.7 ZONA: SANTA ROSA,POINT (-66.219124 -17.3922171),2025-03-24 18:58:55.502,
3158,14867,3,ESTACION DE SERVICIO TRANS NACIONAL ETERAZAMA S.A.,CARRETERA VILLA TUNARI - ETERAZAMA KM 28,POINT (-65.4218902 -16.8889664),2025-03-24 18:58:55.502,
2612,9159,3,GASNOR SERVICIOS PETROLEROS S.R.L. GASNOR S.R.L.,COCHABAMBA -AV. PANAMERICA NRO S/N ZONA:SUD,POINT (-66.1603725 -17.432796),2025-03-24 18:58:55.502,
2651,7929,3,EL VIAJERO COMBUSTIBLE Y SERVICIOS S.R.L.,AV. ALBINA PATIÑO KM 16.5 ESQ. CALLE ROSAS,POINT (-66.3207946 -17.3959348),2025-03-24 18:58:55.502,
2462,57136,3,ESTAGAS SOCIEDAD DE RESPONSABILIDAD LIMITADA ESTAGAS S.R.L.,COCHABAMBA - AV. PETROLERA KM 1 NRO 2827 ESQ. SAMAYPATA ZONA SUD,POINT (-66.15268 -17.42047),2025-03-24 18:58:55.502,
2789,8053,3,ESTACION DE SERVICIO COODPE,COCHABAMBA - CARRETERA CBBA - SANTA CRUZ KM.43 NRO S/N ZONA PARACAYA,POINT (-65.8560062 -17.5147628),2025-03-24 18:58:55.502,
3237,64772,3,LA PATRIA S.R.L.,CHAPISIRCA NRO. SN ZONA CHILIMARCA,POINT (-66.19041 -17.34876),2025-03-24 18:58:55.502,
3234,66283,3,PETROCEL S.R.L.,AV. ERNESTO CESPEDES NRO. SIN NUMERO ZONA CENTRAL,POINT (-66.36018 -17.38434),2025-03-24 18:58:55.502,
2597,8083,3,TERMINAL DE BUSES COCHABAMBA S.A.,AV. AYACUCHO Nro S/N EDIFICIO: TERMINAL DE BUSES ZONA: SUD,POINT (-66.1575588 -17.4033052),2025-03-24 18:58:55.502,
2782,26035,3,ESTACION DE SERVICIO ITAPAYA,COCHABAMBA- CARRETERA A CAPINOTA KM. 39 Nro S/N EDIFICIO : ESTACION DE SERVICIO ITAPAYA ZONA: TAJRA - ITAPAYA,POINT (-66.3407632 -17.5806902),2025-03-24 18:58:55.502,
2486,7740,3,VENICIA ALANEZ JIMENES,AV. ECOLOGICA S/N ZONA TROJES,POINT (-66.1999537 -17.346984),2025-03-24 18:58:55.502,
3133,27416,3,ESTACION DE SERVICIO PAREDES VALLEJOS,COCHABAMBA - AV. MONSEÑOR WALTER ROSALES KM 30 Nro S/N ZONA: VILLA GRACIELA,POINT (-65.9366661 -17.56025),2025-03-24 18:58:55.502,
2740,7900,3,SILVIA ELIZABETH CESPEDES AGUILAR,COCHABAMBA - CARRETERA A SANTA CRUZ KM 220 NRO S/N ZONA: IVIRGARZAMA,POINT (-64.8616689 -17.0453354),2025-03-24 18:58:55.502,
2866,8113,3,SURTIDOR DE GASOLINA Y DIESEL COLOMI,COCHABAMBA CARRETERA CHAPARE KM 45 NRO S/N ZONA COLOMI,POINT (-65.8685316 -17.3337836),2025-03-24 18:58:55.502,
3044,61875,3,LOS LAURELES, AV. DORBIGNI ESQ. CHIRIGUANOS,POINT (-66.19217 -17.38642),2025-03-24 18:58:55.502,
3135,22744,3,ESTACION DE SERVICIO PARAJE 24.7 S.R.L.- SUCURSAL COCHABAMBA I,AVENIDA VICTOR USTARIZ KM.11.5 ZONA PIÑAMI	,POINT (-66.2591986 -17.3936186),2025-03-24 18:58:55.502,
3212,38127,3,"ESTACION DE SERVICIO ""POJO""",POJO - LC POJO NRO S/N UV: S/N MZNO: S/N  ZONA: POJO,POINT (-64.855535 -17.763298),2025-03-24 18:58:55.502,
2959,7959,3,ESTACION DE SERVICIO LOS LIBERTADORES S.R.L.,AV.SILES Y PARACAYA S/N ZONA: MUYU HUYO,POINT (-65.8513061 -17.5312364),2025-03-24 18:58:55.502,
2455,7813,3,ESTACION DE SERVICIO LOS ALAMOS,AVENIDA BLANCO GALINDO  KILOMETRO 3 1/2  ESQUINA CALLE LOS ALAMOS  NRO S/N VILLA BUSCH NORTE,POINT (-66.1889949 -17.3925976),2025-03-24 18:58:55.502,
2556,7834,3,ESTACION DE SERVICIO AYACUCHO,COCHABAMBA - AV. AYACUCHO NRO 894 ZONA CENTRAL NORTE,POINT (-66.1605249 -17.3828462),2025-03-24 18:58:55.502,
2584,8068,3,ESTACION DE SERVICIO EL TROPICO SRL,AV. INTEGRACION KM 159 VILLA TUNARI,POINT (-65.4279702 -16.9795769),2025-03-24 18:58:55.502,
4023,8067,3,ESTACION DE SERVICIO FATIMA S.R.L.,CARRETERA COCHABAMBA-SANTA CRUZ KM 180 S/N SHINAHOTA,POINT (-65.2570371 -16.9934356),2025-03-24 18:58:55.502,
3168,38422,3,CENTRO DE SERVICIOS PETROCEL,ERNESTO CESPEDES S/N - QUILLACOLLO,POINT (-66.2860897 -17.3960518),2025-03-24 18:58:55.502,
2794,8987,3,ESTACION DE SERVICIO COCHABAMBA S.R.L.,AV. MELCHOR PEREZ DE OLGUIN S/N  ZONA CHIMBA,POINT (-66.1825494 -17.4011468),2025-03-24 18:58:55.502,
3066,17484,3,"ESTACION DE SERVICIO ""LOS ALPES""",CERCADO - AV. VILLAZON NRO S/N ZONA: MUYURINA,POINT (-66.1362185 -17.3753363),2025-03-24 18:58:55.502,
3192,60287,3,ESTACION DE SERVICIO DELAASUNCION-AMERICA S.R.L.,AV. AMERICA ESQUINA DANIEL ALBORNOZ NRO. S/N MZNO: 064 ZONA: NOROESTE,POINT (-66.16903 -17.37233),2025-03-24 18:58:55.502,
3023,8070,3,ESTACION DE SERVICIO TRANS TRICOLOR NACIONAL S.A.,COCHABAMBA CARRETERA A TRINIDAD KM 51 S/N ZONA ETERAZAMA,POINT (-65.5410712 -16.8231239),2025-03-24 18:58:55.502,
2792,8873,3,ESTACION DE SERVICIO SAN MATEO S.R.L.,COCHABAMBA - CARRETERA CBBA-SANTA CRUZ KM. 160 NRO S/N ZONA: VILLA TUNARI,POINT (-65.4217511 -16.9758809),2025-03-24 18:58:55.502,
3251,64709,3,ESTACION DE SERVICIO VIRGEN DE LAS ANGUSTIAS S.R.L.,CAMINO A TIRAQUE NRO. 00 ZONA SUD,POINT (-65.81434 -17.45525),2025-03-24 18:58:55.502,
2652,7776,3,ESTACION DE SERVICIO LAS PALMERAS S.R.L.,COCHABAMBA - AV. GENERAL CAMPERO ESQ. AV. USTARIZ NRO S/N ZONA: CHIMBA,POINT (-66.1708979 -17.3963452),2025-03-24 18:58:55.502,
2729,7683,3,ESTACION DE SERVICIO AEROPUERTO SRL.,AV. 6 DE AGOSTO Y LUIS URIONA S/N,POINT (-66.1729364 -17.4086919),2025-03-24 18:58:55.502,
2523,7699,3,ESTACION DE SERVICIO DORBIGNI,AV. DORBIGNI NRO 1201 ZONA VILLA GALINDO,POINT (-66.167336 -17.3875782),2025-03-24 18:58:55.502,
3116,58094,3,SUCURSAL NRO 1,"AV. CHAPISIRCA ENTRE CALLE LITORAL Y CIUDAD DEL NIÑO, ZONA: CHILIMARCA",POINT (-66.22242 -17.54174),2025-03-24 18:58:55.502,
3098,7727,3,ESTACION DE SERVICIO REFINERIA,COCHABAMBA - AVENIDA SIGO XX NRO 500 ZONA: VALLE HERMOSO,POINT (-66.1249643 -17.4479),2025-03-24 18:58:55.502,
2658,8011,3,ESTACION DE SERVICIO TRANS SACABA S.A.,CALLE AYACUCHO NRO 700 ZONA MIRAFLORES,POINT (-66.0465662 -17.4005138),2025-03-24 18:58:55.502,
2562,8009,3,ESTACION DE SERVICIO PUNATA,AV. SILES NO.10 PUNATA,POINT (-65.8483072 -17.5392932),2025-03-24 18:58:55.502,
3073,18862,3,ESTACION DE SERVICIO FOX J.G.J S.R.L.,AV INTEGRACION CARRETERA CBBA-SANTA CRUZ KM 158,POINT (-65.4476406 -17.0099051),2025-03-24 18:58:55.502,
3149,41702,3,SUCURSAL COCHABAMBA,"COCHABAMBA - AV. PANAMERICANA S/N, ZONA: BULO BULO - ENTRE RIOS",POINT (-64.3632164 -17.2531622),2025-03-24 18:58:55.502,
2522,50330,3,ESTACION DE SERVICIO CAPITAN VICTOR USTARIZ,AVENIDA CAPITAN USTARIZ KM. 51/2 NRO S/N ZONA COÑA COÑA SUD,POINT (-66.2035 -17.39682),2025-03-24 18:58:55.502,
3211,47967,3,GUADELOUPE GROUP S.R.L.,SACABA-AV. CIRCUNVALACION Nro S/N UV. S/N MZO. 8 ZONA MESADILLA,POINT (-66.11232 -17.37278),2025-03-24 18:58:55.502,
3213,49505,3,INVERSIONES Y SERVICIOS TRUJILLO ORELLANA S.R.L.,AV. PANAMERICANA L.C LAUCA NRO. S/N ZONA LAUCA EÑE,POINT (-65.213188 -16.99313),2025-03-24 18:58:55.502,
3194,54631,3,ESTACION DE SERVICIO RG YOSITA,AV. FUERZA AEREA ESQ. AV. DEL CABILDO NRO. 2433 ZONA ZUD JAYHUAYCO,POINT (-66.15834 -17.41592),2025-03-24 18:58:55.532,
2641,1067,4,DISTRIGAS ESTACION DE SERVICIO 6 DE AGOSTO (SUCURSAL CARACOLLO),CARACOLLO - AV. PANAMERICANA,POINT (-67.2140546 -17.6480082),2025-03-24 18:58:55.560,
2636,1064,4,DISTRIGAS ESTACION DE SERVICIO 6 DE AGOSTO (SUCURSAL 6 DE AGOSTO II),AVENIDA CIRCUNVALACION Nro 100,POINT (-67.093528 -17.9575157),2025-03-24 18:58:55.560,
2585,7862,4,DISTRIGAS ESTACION DE SERVICIO 6 DE AGOSTO,CALLE VELASCO GALVARRO ESQUINA OBLITAS NRO 138 ZONA: CENTRAL,POINT (-67.1062754 -17.9592461),2025-03-24 18:58:55.560,
3001,4967,4,MORELA,AV. 6 DE OCTUBRE ESQ. HEROES DEL CHACO ZONA NORTE,POINT (-67.1080151 -17.9474539),2025-03-24 18:58:55.560,
3007,7706,4,SOCIEDAD COMERCIAL E INDUSTRIAL BOLIVIANA SOCINBOL S.R.L,CARRETERA ORURO POTOSI KM 9.5 ZONA VICHULOMA,POINT (-67.0324895 -18.0161725),2025-03-24 18:58:55.560,
2720,7720,4,ESTACION DE SERVICIO HECTOR CARLOS FAJARDO MENDOZA,AV. ALTO DE LA ALIANZA SALAMANCA Y PASAJE AVAROA S/N ZONA NORTE,POINT (-66.766162 -18.890151),2025-03-24 18:58:55.560,
2886,4966,4,CINCO ESQUINAS,AV. 6 DE OCTUBRE ENTRE CAMPO JORDAN Y SANTA CRUZ ZONA NORTE,POINT (-67.1090343 -17.9541698),2025-03-24 18:58:55.560,
3000,4965,4,SAN PEDRO ORURO,AV. TOMAS BARRON ESQ. MIRAFLORES ZONA NORTE,POINT (-67.1149251 -17.9378143),2025-03-24 18:58:55.560,
2672,7786,4,ESTACION DE SERVICIO INTERNACIONAL EXCEL S.R.L.,AVENIDA DEHENE S/N SANTA CRUZ Y ANTOFAGASTA,POINT (-67.1354663 -18.0015104),2025-03-24 18:58:55.560,
2549,7851,4,ESTACION DE SERVICIO DELMAR,SANTIAGO DE HUARI - AV. SEBASTIAN PAGADOR NRO S/N MZNO: S/N ZONA: NORTE,POINT (-66.7757258 -19.0076296),2025-03-24 18:58:55.560,
2644,16719,4,DISTRIGAS ESTACION DE SERVICIO 6 DE AGOSTO (SUCURSAL TACNA),CALLE JOSE MARIA DALENCE ESQ. PROLONGACION EUSEBIO LIRA,POINT (-67.0999381 -17.9606204),2025-03-24 18:58:55.560,
2650,7765,4,ESTACION DE SERVICIO ECG OCOTAVI,ORURO - CARRETERA ORURO COCHABAMBA KM 35 Nro S/N ZONA NORTE,POINT (-67.0466601 -17.6663169),2025-03-24 18:58:55.560,
2353,11806,4,QV2 SERVICE,CARRETERA ORURO - VINTO KM.1 Nro S/N ZONA: ESTE,POINT (-67.0872 -17.9732198),2025-03-24 18:58:55.560,
3034,8182,4,ESTACION DE SERVICIO ESPAÑA,AVENIDA ESPAÑA NRO 43 Y CIRCUNVALACION UV: S/N MZNO: S/N ZONA: SUD,POINT (-67.1379239 -17.9766583),2025-03-24 18:58:55.560,
2355,7791,4,"ESTACION DE SERVICIO ""ATLANTIDA"" S.R.L.",ORURO - AV. ESPAÑA ESQ. LA SALLE S/N UB: S/N MZNO: S/N   ZONA: SUD,POINT (-67.1258911 -17.9807966),2025-03-24 18:58:55.560,
2589,7658,4,ESTACION DE SERVICIO GRAN PODER,PAZ A CARRETERA PANAMERICANA ORURO - POTOSI Nro S/N ZONA: NORTE,POINT (-66.9248102 -18.5931053),2025-03-24 18:58:55.560,
2564,7718,4,ESTACION DE SERVICIO NUESTRA SEÑORA DEL SOCAVON,AV. TOMAS BARRON Y CIRCUNVALACION N S/N ZONA NORTE,POINT (-67.1196353 -17.9273092),2025-03-24 18:58:55.560,
2674,731,4,ESTACION DE SERVICIO INTERNACIONAL EXCEL S.R.L. - NORTE,CARRETERA ORURO LA PAZ KM. 3 COMPRENSION CALA CAJA ZONA NORTE,POINT (-67.121199 -17.9187956),2025-03-24 18:58:55.560,
3125,54420,4,HUANUNI,CARRETERA HUANUNI ORURO S/N,POINT (-66.86193 -18.26964),2025-03-24 18:58:55.560,
2348,7705,4,"ESTACION DE SERVICIO ""FOR-CE"" S.R.L.",ZONA SACSANI KM. 2 LOCALIDAD DE HUANUNI - DPTO. DE ORURO,POINT (-66.8523236 -18.2788994),2025-03-24 18:58:55.560,
2624,7943,4,PANAMERICANA INTERNACIONAL SRL. PAINTER SRL.,CARRETERA TAMBO QUEMADO,POINT (-69.0062857 -18.279114),2025-03-24 18:58:55.560,
2357,7734,4,"ESTACION DE SERVICIO ""LUCIFER""","ORURO-CIRCUNVALACION CALLE ""A"" NRO 80 ZONA NORESTE",POINT (-67.1004045 -17.9445196),2025-03-24 18:58:55.560,
3015,7890,4,ESTACION DE SERVICIO EUCALIPTUS S.R.L.,CALLE ORURO FINAL NORTE NRO S/N ,POINT (-67.5032793 -17.5902249),2025-03-24 18:58:55.560,
3236,73162,4,ESTACION DE SERVICIO AZANAQUE S.R.L.,CARRETERA PANAMERICANA CHALLAPATA-POTOSI KM 1 NRO. SIN NRO MERO ZONA ALTO DE LA ALIANZA,POINT (-66.7605 -18.88108),2025-03-24 18:58:55.560,
2684,7930,4,ESTACION DE SERVICIO NIÑO SALVADOR LTDA.,AV. CIRCUNVALACION Y DEHENE Nro 117,POINT (-67.135174 -17.9857897),2025-03-24 18:58:55.560,
2577,7886,4,"ESTACION DE SERVICIO ""R.&T."" S.R.L.",ORURO AV. ANTOFAGASTA S/N ZONA SUD,POINT (-67.659668 -19.6659528),2025-03-24 18:58:55.560,
2535,9458,4,ESTACION DE SERVICIO R Y G CIRCUNVALACION S.R.L.,AV. CIRCUNVALACION Y FINAL BENI,POINT (-67.0984532 -17.9482802),2025-03-24 18:58:55.560,
3091,27919,4,ESTACION DE SERVICIO ROSMERY ROXANA MENDOZA PE�ALOZA,ORURO - LOCALIDAD DE CHALLAPATA,POINT (-66.7788479 -18.8930421),2025-03-24 18:58:55.560,
2692,7941,4,ESTACION DE SERVICIO VINTO E S VINTO,CARRETERA VINTO KM. 3.5 NRO S/N,POINT (-67.0605576 -17.9768031),2025-03-24 18:58:55.560,
2605,7703,4,"EMPRESA COMERCIALIZADORA DE CARBURANTES ORURO S.R.L. ""ECCO"" S.R.L.",AV. CIRCUNVALACION ESQ. PROLONGACION VILLARROEL S/N,POINT (-67.0921567 -17.9635864),2025-03-24 18:58:55.560,
2637,10206,4,ESTACION DE SERVICIO EBEN - EZER,AV. 24 DE JUNIO KM 5,POINT (-67.0595169 -17.9771194),2025-03-24 18:58:55.560,
2356,7789,4,"ESTACION DE SERVICIO ""NICTINA"" S.R.L.",ORURO - CAMINO A CAPACHOS KILOMETRO 1 1/2 ENTRE CALLE 3 Y CALLE K NRO S/N MZNO: S/N ZONA: NORTE,POINT (-67.0932275 -17.9363408),2025-03-24 18:58:55.560,
2638,7722,4,ESTACION DE SERVICIO ?DON CARLOS? S.R.L.,"CHALLAPATA-CARRETERA PANAMERICANA, CHALLAPATA POTOSI KILOMETRO 1 NO S/N MZNO: S/N ZONA: ALTO DE LA ALIANZA",POINT (-66.7644209 -18.8877858),2025-03-24 18:58:55.560,
2595,7704,4,ESTACION DE SERVICIO PISIGA,ORURO - AV. INTERNACIONAL POBLACION DE PISIGA BOLIVAR Nro S/N ZONA: ESTE,POINT (-68.6138834 -19.2813284),2025-03-24 18:58:55.560,
2618,8073,5,DISTRIGAS,AV. FERROVIARIA S/N/ ZONA LOS ANDES/UYUNI,POINT (-65.5930078 -22.0812572),2025-03-24 18:58:55.618,
2645,7858,5,ESTACION DE SERVICIO POTOSI,AV. CIRCUNVALACION ESQ. FINAL CHAYANTA S/N/ZONA SAN ROQUE/CIUDAD DE POTOSI,POINT (-65.7489917 -19.5725356),2025-03-24 18:58:55.618,
2883,5001,5,ANTOFAGASTA,AV. ANTOFAGASTA,POINT (-65.5984855 -22.0826773),2025-03-24 18:58:55.618,
3071,4968,5,UNCIA,AV. SUCRE,POINT (-66.565963 -18.4647997),2025-03-24 18:58:55.618,
2514,7747,5,"ESTACION DE SERVICIO ""MONTE ROCA"" PRODUCTOS Y SERVICIOS",AV. LAS BANDERAS S/N ZONA: NUEVA TERMINAL,POINT (-65.7619363 -19.5594088),2025-03-24 18:58:55.618,
2888,7557,5,UYUNI,BARRIO PETROLERO CALLE LITORAL S/N,POINT (-66.8154761 -20.4549483),2025-03-24 18:58:55.618,
3004,4999,5,BETANZOS,CALLE CHORRILLOS,POINT (-65.4415639 -19.5526664),2025-03-24 18:58:55.618,
2425,7947,5,"ESTACION DE SERVICIO ""VILLAZON""",ZONA NOR ESTE CALLE SUIPACHA ESQUINA COBIJA S/N,POINT (-65.5930078 -22.0812572),2025-03-24 18:58:55.618,
2957,8081,5,HOTEL DE SAL PLAYA BLANCA,CALLE MEXICO Nro 117/ZONA BARRIO OBRERO/UYUNI,POINT (-66.9326197 -20.3048012),2025-03-24 18:58:55.618,
3175,4997,5,TERMINAL DE BUSES,AV. UNIVERISTARIA BARRIO SAN CLEMENTE,POINT (-65.7650928 -19.5782781),2025-03-24 18:58:55.618,
2885,5000,5,ALLITA,CARRETERA ATOCHA-TUPIZA,POINT (-66.2015076 -20.7561139),2025-03-24 18:58:55.618,
2346,7822,5,ESTACION DE SERVICIO SEÑOR DE LA VERACRUZ S.R.L.,AV. CRICUNVALACION S/N/ZONA PAMPA INGENIO/CIUDAD DE POTOSI,POINT (-65.7392421 -19.5934524),2025-03-24 18:58:55.618,
2481,7792,5,ESTACION DE SERVICIO CANTUMARCA,"AV. FINAL LA PAZ ""CANTUMARCA""",POINT (-65.7821187 -19.581996),2025-03-24 18:58:55.618,
3062,13825,5,SAN CRISTOBAL S.R.L.,"CALLE CAMACHO ESQ. PEREZ, ZONA CENTRAL DE LA CIUDAD DE UYUNI",POINT (-66.8303538 -20.4549066),2025-03-24 18:58:55.618,
3136,39639,5,ESTACION DE SERVICIOS PETRO CENTER,AV. JOSE LUIS SAN JUAN GARCIA NRO. S/N ZONA CHAJRAHUASI,POINT (-65.7135576 -21.4458589),2025-03-24 18:58:55.618,
2960,8038,5,TRES GIGANTES LIMITADA,LA PAZ - CALLE 15 Nro S/N EDIFICIO: TORRE KETAL PISO: 5 ZONA: CALACOTO,POINT (-67.1684521 -21.1569188),2025-03-24 18:58:55.618,
2338,7894,5,ESTACION DE SERVICIO CONTRERAS,CARRETERA POTOSI SUCRE KM 47,POINT (-65.4633749 -19.5525017),2025-03-24 18:58:55.618,
3174,54422,5,LLALLAGUA I,"PROVINCIA RAFAEL BUSTILLOS, CARRETERA LLALLAGUA - ORURO, ENTRE DIAGONAL JAIME MENDOZA DEL DEPARTAMENTO DE POTOSI",POINT (-66.58382 -18.41907),2025-03-24 18:58:55.618,
3047,4969,5,LLALLAGUA,AV. 23 DE MARZO,POINT (-66.5839153 -18.4198306),2025-03-24 18:58:55.618,
2537,1450,5,ESTACION DE SERVICIO SUPER GRIFO,CARRETERA POTOSI TARIJA/LOCALIDAD DE CUCHU INGENIO/POTOSI,POINT (-65.681465 -19.8802001),2025-03-24 18:58:55.618,
2727,7944,5,ESTACION DE SERVICIO 20 DE MAYO LTDA.,AV. ANTOFAGASTA S/N FINAL,POINT (-65.5954448 -22.0715781),2025-03-24 18:58:55.618,
3003,4998,5,VILLA IMPERIAL,AV. CIVICA S/N ZONA WENCEDLAO ALBA,POINT (-65.7558331 -19.5835833),2025-03-24 18:58:55.618,
2515,7745,5,SERVICIO DE LUBRICANTES DELIA,AV. PANAMERICANA S/N/ZONA CHAPINI BAJO/CIUDAD DE POTOSI,POINT (-65.7717719 -19.5649919),2025-03-24 18:58:55.618,
2444,8023,5,COOPERATIVA DE TRANSPORTE INTERNACIONAL DEL SUD R.L.,AVENIDA TUMUSLA NRO 801 ZONA NORTE VILLAZON-POTOSI,POINT (-65.5941058 -22.0690118),2025-03-24 18:58:55.618,
2333,7933,5,ESTACION DE SERVICIO GUADALUPE POTOSI,POTOSI/TAMBO PAMPA S/N/ZONA TARAPAYA DEL DEPARTAMENTO DE POTOSI,POINT (-65.8053896 -19.4806486),2025-03-24 18:58:55.618,
2601,8048,5,ESTACION DE SERVICIO CARLOS V CAMINO CARRETERO POTOSI TARIJA,AV. CIRCUNVALACION S/N/ZONA CAMPAMENTO PAILAVIRI/CIUDAD DE POTOSI,POINT (-65.73998 -19.60685),2025-03-24 18:58:55.618,
2725,7940,5,ESTACION DE SERVICIO 4 DE JUNIO,AV. JOSE LUIS SAN JUAN GARCIA S/N,POINT (-65.7131816 -21.4465392),2025-03-24 18:58:55.618,
2617,7766,5,ESTACION DE SERVICIO SANTIAGO DE COTAGAITA,AV. LAS AMERICAS S/N/ZONA LLAJTA CHIMPA/COTAGAITA,POINT (-65.660361 -20.8349267),2025-03-24 18:58:55.618,
2502,7936,5,"ESTACION DE SERVICIO ""IMPERIAL POTOSI II""",CARRETERA POTOSI - ORURO KM 46/YOCALLA,POINT (-65.9168204 -19.3811395),2025-03-24 18:58:55.619,
2787,7662,5,GRUPO COLQUE SRL,LA PAZ - MARISCAL SANTA CRUZ Nro 1003 EDIFICIO CASANOVAS PISO: 2 OFICIAN 205 ZONA: CENTRAL,POINT (-66.8200784 -20.4697702),2025-03-24 18:58:55.619,
2345,7987,5,ESTACION DE SERVICIO TICKA LOMA,AV. CIRCUNVALACION S/N/CIUDAD DE POTOSI,POINT (-65.7435412 -19.5822557),2025-03-24 18:58:55.619,
2616,1104,6,ESTACION DE SERVICIO TELPEL,AV. EBERTO LEMA NO.- 936   ZONA CAÑAVERAL,POINT (-64.1732884 -21.5231102),2025-03-24 18:58:55.670,
2642,1015,6,ESTACION DE SERVICIOS AVENIDA CIRCUNVALACION S.R.L.,AV. CIRCUNVALACION S/N ALTURA QUEBRADA EL MONTE,POINT (-64.7247382 -21.523531),2025-03-24 18:58:55.670,
2804,1035,6,"ESTACION DE SERVICIO ""DON DANIEL""",AV. CIRCUNVALACION S/N ZONA LAS BARRANCAS,POINT (-64.7382423 -21.5133312),2025-03-24 18:58:55.670,
2386,945,6,ESTACION DE SERVICIOS TARIJA S.R.L.,AV. HEROES DE LA INDEPENDENCIA S/N ZONA: SAN MARTIN,POINT (-64.74234 -21.53627),2025-03-24 18:58:55.670,
2868,5007,6,BERMEJO,BERMEJO,POINT (-64.3557523 -22.7264478),2025-03-24 18:58:55.670,
2388,1929,6,"ESTACION DE SERVICIO ""PANAMERICANO""",AV. JAIME PAZ ZAMORA NRO S/N ZONA: SAN GERONIMO,POINT (-64.711626 -21.5441213),2025-03-24 18:58:55.670,
2350,1248,6,ESTACION DE SERVICIO COPACABANA S.R.L.,AVENIDA SAN GERONIMO Nro S/N ZONA LA ROTONDA,POINT (-63.6726739 -21.9938857),2025-03-24 18:58:55.670,
2977,1821,6,EL MOLLE S.R.L.,MENDEZ - CARRETERA A SAN LORENZO KM.11 ZONA: EL RANCHO,POINT (-64.7533344 -21.4530516),2025-03-24 18:58:55.670,
2980,5005,6,PALOS BLANCOS,CALLE AVAROA ESQ. CHUQUISACA S/N ZONA CENTRAL,POINT (-63.4758221 -21.266567),2025-03-24 18:58:55.670,
2528,1894,6,ESTACION DE SERVICIO RIO BERMEJO,AVENIDA BOLIVAR ESQUINA BELGRANO Nro647 ZONA AVAROA,POINT (-64.3352286 -22.7341858),2025-03-24 18:58:55.670,
2472,7805,6,ESTACION DE SERVICIOS EL PORTILLO S.R.L.,CARRETERA AL CHACO KM. 7 S/N ZONA EL PORTILLO,POINT (-64.6700224 -21.5666524),2025-03-24 18:58:55.670,
2364,2024,6,SOINTA S.R.L.,TARIJA- AV. CIRCUNVALACION NRO S/N ZONA MORROS BLANCOS,POINT (-64.7075786 -21.5420577),2025-03-24 18:58:55.670,
2390,2011,6,AGRUPA S.R.L.,TARIJA - AVENIDA PANAMERICANA Y CIRCUNVALACION NRO S/N ZONA ARANJUEZ,POINT (-64.7487867 -21.5111041),2025-03-24 18:58:55.670,
2974,5003,6,PRESIDENTE ARCE,AV. PANAMERICANA ESQ AV. CARLOS MORALES AVILA,POINT (-64.6998536 -21.5467694),2025-03-24 18:58:55.670,
2646,3289,6,ESTACION DE SERVICIO EL CHORRO,"AV. VICTOR PAZ ESTENSORO, ZONA AZUCARERO",POINT (-64.3342853 -22.7395357),2025-03-24 18:58:55.670,
2249,4111,6,ESTACION DE SERVICIO M.WARRIOR S.R.L.,YACUIBA - CARRETERA A SANTA CRUZ KM. 10 Nro: S/N UV: S/N MZNO: S/N ZONA: CAMPO PAJOSO,POINT (-63.6334713 -21.9033994),2025-03-24 18:58:55.670,
2251,4152,6,ESTACION DE SERVICIO EL TERO TERO,CARRETERA A SANTA CRUZ KM 4 Nro S/N ZONA CAMPO GRANDE,POINT (-63.6593848 -21.9605622),2025-03-24 18:58:55.670,
2981,7498,6,ESTACION DE SERVICIO CARAPARI,CARRETERA YACUIBA TARIJA,POINT (-63.74042 -21.8298983),2025-03-24 18:58:55.670,
2688,7810,6,ESTACION DE SERVICIO SAN JORGE S.R.L.,TARIJA - AV. PANAMERICANA CARRETERA A BERMEJO NRO S/N ZONA: SAN JORGE II,POINT (-64.6905788 -21.5538205),2025-03-24 18:58:55.670,
2857,5004,6,PADCAYA,CARRETERA TARIJA - PADCAYA,POINT (-64.706533 -21.8763742),2025-03-24 18:58:55.670,
2627,7825,6,"ESTACION DE SERVICIO ""MOTO MENDEZ"" S.R.L.",TARIJA - CARRETERA A SAN LORENZO NRO S/N ZONA: RANCHO SUD,POINT (-64.7576881 -21.4720998),2025-03-24 18:58:55.670,
2603,15021,6,ESTACION DE SERVICIO CAIGUAMI S.R.L. SUCURSAL 1,CALLE MENDEZ ARCOS ESQUINA EUSTAQUIO MENDEZ,POINT (-63.4593335 -21.2678807),2025-03-24 18:58:55.670,
2911,5002,6,LAS AMERICAS,AV. LAS AMERICAS VILLA PIZARRO,POINT (-64.7439927 -21.5195869),2025-03-24 18:58:55.670,
2339,7845,6,TACUARANDI S.R.L.,ZONA MORROS BLANCOS-AV. PANAMERICANA ESQUINA CALLE HNA. ANA CONCHENTINA S/N,POINT (-64.7016073 -21.5461962),2025-03-24 18:58:55.670,
2341,64699,6,ESTACION DE SERVICIOS LA TERMINAL S.A.,AV. VICTOR PAZ ESQ. ARTURO SORUCO NRO S/N ZONA: EL TEJAR,POINT (-64.72394 -21.54212),2025-03-24 18:58:55.670,
2979,5006,6,SAN MARTIN,AV. JACINTO DELFIN ENTRE C. RIOS Y SAN MARTIN,POINT (-63.6772487 -22.0198784),2025-03-24 18:58:55.670,
2982,597,6,"EMPRESA COMERCIAL VANGUARDIA EN GAS ""VANGAS S.A."", SUCURSAL YACUIBA","YACUIBA, AVDA. LOS LIBERTADORES, ESQ. INDEPENDENCIA",POINT (-63.6809657 -22.0093507),2025-03-24 18:58:55.670,
2500,2002,6,ESTACION DE SERVICIO CAIGUAMI S.R.L.,VILLAMONTES- CARR. SANTA CRUZ KM 1 NroS/N MZNO: ZONA EL CHAÑAR,POINT (-63.4558725 -21.2568615),2025-03-24 18:58:55.670,
2559,8002,6,"ESTACION DE SERVICIO ""EL CHAÑAR""",VILLA MONTES - CARRETERA A SANTA CRUZ KM. 1 Nro S/N MZNO: S/N ZONA: EL CHAÑAR,POINT (-63.4528171 -21.2519824),2025-03-24 18:58:55.670,
3146,4986,7,COMARAPA,AV. PRINCIPAL 363,POINT (-64.314781 -17.552299),2025-03-24 18:58:55.726,
1944,39703,7,SUCURSAL TERCER ANILLO INTERNO FRENTE CANCHITA ROYAL,AV. ROQUE AGUILERA ESQ. ANGEL SANDOVAL,POINT (-63.197873 -17.8058243),2025-03-24 18:58:55.726,
2744,652,7,"COMPAÑIA BOLIVIANA DE GAS NATURAL COMPRIMIDO ""GENEX S.A."" - SUCURSAL S.C.-ZONA GUARACACHI",SANTA CRUZ - AV. CRISTO REDENTOR ESQ. 3ER ANILLO NRO S/N UV. 037 MZNO.002 ZONA: B/HAMACAS,POINT (-63.139859 -17.7772611),2025-03-24 18:58:55.726,
2770,646,7,"COMPAÑIA BOLIVIANA DE GAS NATURAL COMPRIMIDO ""GENEX S.A."" - SUCURSAL S.C.-ZONA SANTA ROSA",SANTA CRUZ - AV. CRISTO REDENTOR ESQ. 3ER ANILLO NRO S/N UV: 037 MZNO: 002 ZONA: B/HAMACAS,POINT (-63.1894321 -17.8013204),2025-03-24 18:58:55.726,
2722,13302,7,CIRO ROMERO ESTRADA,"ROBORE C/TARIJA ESQ. PANDO NO.3172, UV-005  MZNO. 000 ZONA ALTAMIRA",POINT (-59.7669055 -18.3389414),2025-03-24 18:58:55.726,
3101,8086,7,ESTACION DE SERVICIO MIRANDA,MONTERO - AV. CUPESI ESQ. AV. CIRCUNVALACION NORTE ZONA: URKUPIÑA,POINT (-63.2704866 -17.3401002),2025-03-24 18:58:55.726,
3024,7697,7,ESTACION DE SERVICIO CHANE,SANTA CRUZ - CARRETERA CHANE - PUESTO FERNANDEZ Nro S/N ZONA: NORTE,POINT (-63.2206501 -17.0135116),2025-03-24 18:58:55.726,
2985,8061,7,ESTACION DE SERVICIO LIDO S.R.L,ARROYO CONCEPCION S/N  CARRETERA BIOCEANICA KM 1,POINT (-57.7196021 -19.0174752),2025-03-24 18:58:55.726,
3144,36810,7,SUCURSAL 4,GRAL. SAAVEDRA - CARRETERA MINERO,POINT (-63.2164097 -17.2375423),2025-03-24 18:58:55.726,
2754,654,7,"COMPAÑIA BOLIVIANA DE GAS NATURAL COMPRIMIDO ""GENEX S.A."" - SUCURSAL S.C. - ZONA NOR ESTE",SANTA CRUZ - AV. CRISTO REDENTOR ESQ. 3ER ANILLO NRO S/N UV: 037 MZNO: 002 ZONA: B/HAMACAS,POINT (-63.15796 -17.76034),2025-03-24 18:58:55.726,
2208,7964,7,ESTACION DE SERVICIO TOTAITU N&T S.R.L.,SANTA CRUZ-BARRIO KATALUÑA AVENIDA AL NORTE KM 7 1/2 NRO S/N ZONA: NORTE,POINT (-63.1603234 -17.7127423),2025-03-24 18:58:55.726,
2475,8082,7,"ESTACION DE SERVICIOS ""EL TERO TERO DE CHICHITA""",AV. PARAGUA ENTRE 3ER Y 4TO ANILLO,POINT (-63.1533929 -17.7683192),2025-03-24 18:58:55.726,
2987,4983,7,MARISCAL SUCRE,AV. MARISCAL SUCRE,POINT (-57.7932727 -18.9857898),2025-03-24 18:58:55.726,
2986,4984,7,PUERTO QUIJARRO,AV. BRASIL,POINT (-57.7146886 -19.0053758),2025-03-24 18:58:55.726,
3185,4985,7,SAMAIPATA,CALLE BARRIENTOS 65 CARRETERA A SANTA CRUZ,POINT (-63.86916 -18.177048),2025-03-24 18:58:55.726,
2330,7966,7,ESTACION DE SERVICIO LA COLORADA,RADIAL 13 Y QUINTO ANILLO,POINT (-63.1764794 -17.8294337),2025-03-24 18:58:55.726,
2718,8134,7,ESTACION DE SERVICIOS SAN IGNACIO DE VELASCO,AV. SANTA CRUZ ESQ. PADRE SALVADOR S/N,POINT (-60.9713147 -16.3674266),2025-03-24 18:58:55.726,
3022,7698,7,SURTIDOR SANTIAGUITO,COMARAPA - CARRETERA ANTIGUA A COCHABAMBA Nro S/N ZONA: LA PALIZADA,POINT (-64.4247287 -18.0702387),2025-03-24 18:58:55.726,
3064,7756,7,ESTACION DE SERVICIO GASCAR S.R.L.,CARRETERA ANTIGUA A CBBA S/N ZONA EL TORNO,POINT (-63.3887534 -18.0038848),2025-03-24 18:58:55.726,
2224,1874,7,ESTACION DE SERVICIO MORAGRANDE S.R.L. SUCURSAL I,AVENIDA MOSCU Y 5TO ANILLO DE CIRCUNVALACION,POINT (-63.2030328 -17.8278727),2025-03-24 18:58:55.726,
2225,7989,7,ESTACION DE SERVICIO MORAGRANDE S.R.L.,SANTA CRUZ - AV. SANTOS DUMONT Nro S/N ZONA: 5TO ANILLO,POINT (-63.1852768 -17.8314589),2025-03-24 18:58:55.726,
2227,7907,7,"ESTACION DE SERVICIO ""LAS ORQUIDEAS"" S.R.L.",SANTA CRUZ - AV. PAURITO Nro S/N ZONA: PLAN 3000,POINT (-63.1274889 -17.8373899),2025-03-24 18:58:55.726,
1744,7676,7,ESTACION DE SERVICIO RIVERO,AV.CRISTO REDENTOR ESQ/CALLE GUSTAVO PARADA NRO S/N ZONA NORTE,POINT (-63.1804778 -17.7624926),2025-03-24 18:58:55.726,
3224,5069,7,BELLA VISTA (INTERVENIDA),AV. COSTANERA FINAL S/N,POINT (-61.735249 -13.632944),2025-03-24 18:58:55.726,
2193,2850,7,ESTACION DE SERVICIO SUR SRL SUCURSAL 2,CARRETERA AL NORTE Y SEPTIMO ANILLO.,POINT (-63.1652632 -17.7256968),2025-03-24 18:58:55.726,
2790,7852,7,ESTACION DE SERVICIO MINERO,SANTA CRUZ - AV. 24 DE SEPTIEMBRE Nro S/N ZONA: MINERO-NORTE,POINT (-63.2357958 -17.1098),2025-03-24 18:58:55.726,
1784,2849,7,ESTACION DE SERVICIO SUR SRL SUCURSAL 1,AV. BENI ESQ. SOROTOCO ZONA DEL SEGUNDO ANILLO,POINT (-63.178765 -17.7694521),2025-03-24 18:58:55.726,
2482,8030,7,ESTACION DE SERVICIO CORDILLERA LA WILLIAMS,CAMIRI - AV.HUMBERTO SUAREZ ROCA NRO S/N UV: S/N ZONA NORTE,POINT (-63.5311752 -20.0176701),2025-03-24 18:58:55.726,
1964,7867,7,ESTACION DE SERVICIO SAN LUIS,AVENIDA 4TO ANILLO ESQ. RADIAL 10 S/N BARRIO POLANCO,POINT (-63.1549375 -17.8061616),2025-03-24 18:58:55.726,
3036,8139,7,ESTACION DE SERVICIO EL PANAL,AV INTERNACIONAL S/N ZONA: BARRIO NAVIDAD,POINT (-63.1085737 -17.7863638),2025-03-24 18:58:55.726,
2807,8033,7,ESTACION DE SERVICIO COCA,YAPACANI - CARRETERA SANTA CRUZ COCHABAMBA - KM. 124,POINT (-63.8722935 -17.4032264),2025-03-24 18:58:55.726,
1924,25092,7,REFINERIA ORIENTAL S.A. SUCURSAL ZONA 4 ANILLO FRENTE A BUFALO PARK - S.C.,AVENIDA ALEMANIA ESQ. TOTAI S/N UV. 16. MZ. 17. ZONA NOR ESTE.,POINT (-63.1968214 -17.754287),2025-03-24 18:58:55.726,
2575,7841,7,ESTACION DE SERVICIO EMANUEL S.R.L.,KILOMETRO 10 DOBLE VIA  LA GUARDIA  NRO S/N MANZANO 88  ZONA SUR,POINT (-63.25491 -17.8524029),2025-03-24 18:58:55.726,
1945,7757,7,ESTACION DE SERVICIO LOS MANGALES S.R.L.,"4TO ANILLO ENTRE RADIAL 19 Y FINAL PIRAI",POINT (-63.2170198 -17.7942547),2025-03-24 18:58:55.726,
2284,7754,7,ESTACION DE SERVICIO JOSE JALDIN S.R.L.,SANTA CRUZ - CARRETERA A COCHABAMBA KM 11 Nro S/N ZONA: OESTE,POINT (-63.2630771 -17.8599283),2025-03-24 18:58:55.726,
1824,12396,7,ESTACION DE SERVICIO PIRAI S.R.L.,AV. ROCA CORONADO S/N/3ER ANILLO INT. UV. 30. MZ. 65. ZONA BARRIO SANTA ROSITA.,POINT (-63.204505 -17.7859093),2025-03-24 18:58:55.726,
3162,73945,7,ESTACION DE SERVICIO EL GASOMETRO S.R.L.,AVENIDA SEGUNDO ANILLO DE CIRCUNVALACION CARRETERA A TRINIDAD,POINT (-62.96769 -17.74838),2025-03-24 18:58:55.726,
2327,8185,7,ESTACION DE SERVICIO LA CHORRERA S.R.L.,SANTA CRUZ - KM. 6 CARRETRA ANTIGUA A COCHABAMBA NRO S/N UV: 126 MZNO: 023 ZONA: OESTE,POINT (-63.2250064 -17.8270178),2025-03-24 18:58:55.726,
2996,8156,7,ESTACION DE SERVICIO LA CUEVA,"SAN RAMON, ENTRADA PRINCIPAL A SAN RAMON NRO S/N SOZA SAN RAMON",POINT (-62.5081929 -16.6179668),2025-03-24 18:58:55.726,
2250,8167,7,"SERVICIOS GENERALES ""LA CAÑADA S.R.L.""",SANTA CRUZ - AV. SAN AURELIO 4TO ANILLO Nro S/N UV:46 MZNO:26 EDIFICIO: A/N ZONA: SUR,POINT (-63.1621672 -17.8112985),2025-03-24 18:58:55.726,
2994,8012,7,GOTEON S.R.L.,PAILON - CARRETERA SANTA CRUZ - TRINIDAD KM. 53 Nro S/N UV: 000 MZNO:000 ZONA: BARRIO BELEN,POINT (-62.7040995 -17.6367866),2025-03-24 18:58:55.726,
3232,64560,7,ROBORE - YPFB,"ROBORE, CARRETERA A SANTA CRUZ - PUERTO SUAREZ, BARRIO 19 DE MARZO A LADO DE LA ESTACION DE REGASIFICACION ESR - FRENTE A LA TERMINAL DE BUSES, PROVINCIA CHIQUITOS DEL DEPARTAMENTO DE SANTA CRUZ.",POINT (-59.76442 -18.34538),2025-03-24 18:58:55.726,
1887,7777,7,"""Z & Z"" LTDA.",SANTA CRUZ - AV. PARAGUA 3ER ANILLO Nro 1050 ZONA: NOR ESTE,POINT (-63.1572086 -17.7704092),2025-03-24 18:58:55.726,
2743,7760,7,"EMPRESA COMERCIAL VANGUARDIA EN GAS ""VANGAS S.A.""",SANTA CRUZ DE LA SIERRA-AV.HERNANDO SANABRIA ESQ.4TO ANILLO Nro S/N UV:56 MZNO:51 ZONA: B/4 DE NOVIEMBRE,POINT (-63.215719 -17.7774896),2025-03-24 18:58:55.726,
3208,57635,7,ESTACION DE SERVICIO BIANCA,SAN JOSE DE CHIQUITOS - CARRETERA SANTA CRUZ A SAN JOSE DE CHIQUITOS Nro S/N UV: S/N MZNO: S/N ZONA: ESTE.,POINT (-60.7745 -17.82793),2025-03-24 18:58:55.726,
2810,7961,7,SURTIDOR LOS NEGROS,PAMPA GRANDE - PRO. FLORIDA LOS NEGROS NO. S/N ZONA: LOS NEGROS,POINT (-64.1236733 -18.0584542),2025-03-24 18:58:55.726,
2760,638,7,"COMPAÑIA BOLIVIANA DE GAS NATURAL COMPRIMIDO ""GENEX S.A."" - SUCURSAL S.C.-ZONA LA RAMADA",SANTA CRUZ - AV. CRISTO REDENTOR ESQ. 3ER ANILLO NRO S/N UV: 037 MZNO: 002 ZONA: B/HAMACAS,POINT (-63.1939892 -17.7929088),2025-03-24 18:58:55.726,
2961,8155,7,FREE PORT TERMINAL COMPANY LIMITED SUCURSAL BOLIVIA,AV. LUIS SALAZAR DE LA VEGA FINAL S/N.,POINT (-57.7126431 -18.9980584),2025-03-24 18:58:55.726,
2803,7864,7,COMPLEJO AUTOMOTRIZ VIRGEN DE URKUPIÑA SRL,PARQUE INDUSTRIAL MZ PI-25 S/N ZONA: AV. TRANSVERSAL,POINT (-63.1474986 -17.7671734),2025-03-24 18:58:55.726,
1766,8020,7,ESTACION DE SERVICIO SUR S.R.L.,AV SANTOS DUMONT Y SEGUNDO ANILLO,POINT (-63.1804644 -17.7999251),2025-03-24 18:58:55.726,
2973,8162,7,ESTACION DE SERVICIO ICHILO S.R.L.,SANTA CRUZ - KM 130 CARRETERA SANTA CRUZ - YAPACANI Nro S/N UV: S/N MZNO: 014 ZONA: NORTE,POINT (-63.9061495 -17.4031363),2025-03-24 18:58:55.726,
2190,12400,7,ESTACION DE SERVICIO PIRAI S.R.L. - SUCURSAL AV. DOBLE VIA LA GUARDIA ESQ. OCTAVO ANILLO.,KM. 8 DOBLE VIA LA GUARDIA.,POINT (-63.2381759 -17.837806),2025-03-24 18:58:55.726,
3027,39245,7,SUCURSAL S.C.-ZONA NOR ESTE,AV. PARAGUA Y CUARTO ANILLO,POINT (-63.149452 -17.7649171),2025-03-24 18:58:55.726,
3154,36812,7,SUCURSAL 3 (KM. 11 CARRETERA SANTA CRUZ - WARNES),SANTA CRUZ DE LA SIERRA - KM. 11 CARRETERA SANTA CRUZ WARNES,POINT (-63.1590915 -17.67576),2025-03-24 18:58:55.726,
2264,7803,7,LAS PALMAS S.R.L.,SANTA CRUZ - 3 TERCER ANILLO INTERNO AV. ROQUE AGUILERA Nro S/N ZONA: 3ER ANILLO  INTERNO,POINT (-63.2034195 -17.7977025),2025-03-24 18:58:55.726,
2205,7887,7,SURTIDOR EL PALMAR,SANTA CRUZ - AV. EL PALMAR Nro S/N MZNO: 070 ZONA: LOS LOTES,POINT (-63.1665509 -17.8676356),2025-03-24 18:58:55.726,
2988,8157,7,ESTACION DE SERVICIO VELEZ,SANTA CRUZ - AV. AVAROA Nro 03 UV:S/N MZNO:S/N ZONA: LOCALIDAD MAIRANA,POINT (-63.9573492 -18.1233622),2025-03-24 18:58:55.726,
3011,8044,7,ABERI S.R.L.,SANTA CRUZ - FLORIDA NRO 569 ZONA: CENTRAL,POINT (-62.2176122 -17.6010062),2025-03-24 18:58:55.726,
2751,7893,7,"ESTACION DE SERVICIO ""SAN SILVESTRE""",PORTACHUELO - CARRETERA PORTACHUELO KM. 71 Nro S/N ZONA: OESTE,POINT (-63.410435 -17.3616435),2025-03-24 18:58:55.726,
2484,7882,7,ESTACION DE SERVICIO CEDE�O,AVENIDA HUMBERTO SUAREZ ROCA S/N,POINT (-63.531341 -20.0212745),2025-03-24 18:58:55.726,
2485,7888,7,"ESTACION DE SERVICIO ""VERGARA""",SANTA CRUZ - AV. CUMAVI Nro 5064 ZONA: VILLA 1 DE MAYO,POINT (-63.1276599 -17.7925713),2025-03-24 18:58:55.726,
1844,12253,7,REFINERIA ORIENTAL S.A. SUCURSAL BARRIO LAZARETO,UV. 21. MZ. 1. AV. VIRGEN DE COTOCA ESQUINA PERIMETRAL.,POINT (-63.16346 -17.7824886),2025-03-24 18:58:55.726,
2983,8170,7,ESTACION DE SERVICIO URBARI S.R.L.,SANTA CRUZ- CALLE RIO UBAI NRO 100 UV: 52 MZNO:86 ZONA: OESTE,POINT (-63.1943734 -17.7885512),2025-03-24 18:58:55.726,
3178,51728,7,ESTACION DE SERVICIO CABEZAS,"CARRETERA SANTA CRUZ - CAMIRI KM 122, CABEZAS",POINT (-63.125011 -18.464239),2025-03-24 18:58:55.726,
1805,12252,7,REFINERIA ORIENTAL S.A.,AVENIDA ALEMANIA ESQ. TOTAI S/N UV. 16. MZ. 17. ZONA NOR ESTE.,POINT (-63.1710844 -17.7690766),2025-03-24 18:58:55.726,
2326,8173,7,ESTACION DE SERVICIO DICOR S.R.L,AV. 16 DE JULIO NRO 6400 ZONA VILLA 1RO DE MAYO,POINT (-63.12769 -17.8009),2025-03-24 18:58:55.726,
2492,7963,7,ESTACION DE SERVICIO DAVILA S.R.L,CUARTO ANILLO ENTRE AV. GRIGOTA Y RADIAL 17 1/2,POINT (-63.21002 -17.81038),2025-03-24 18:58:55.726,
2858,8079,7,"ESTACION DE SERVICIO ""CONCEPCION"" S.R.L.",CONCEPCION - AV. DOBLE VIA SANTA CRUZ NroS/N UV:14N MZNO:005 ZONA: NORTE,POINT (-62.02955 -16.12703),2025-03-24 18:58:55.726,
3079,8024,7,ESTACION DE SERVICIO BICENTENARIO SRL,CARRETERA CAMIRI KM 13,POINT (-63.2662104 -17.8833765),2025-03-24 18:58:55.726,
2791,7668,7,ESTACION DE SERVICIO EL BIBOSI,SANTA CRUZ - CARRETERA A SAAVEDRA KM. 64 Nro S/N ZONA: NORTE,POINT (-63.2168187 -17.2313526),2025-03-24 18:58:55.726,
3026,11900,7,ESTACION DE SERVICIO EL BIBOSI MANANTIAL,ASCENCION DE GUARAYOS - AV. SANTA CRUZ S/N,POINT (-63.189552 -15.8859064),2025-03-24 18:58:55.726,
2582,7904,7,ESTACION DE SERVICIO GUAYACAN SRL,KM. 9 1/2 CARRETERA SANTA CRUZ COTOCA S/N,POINT (-63.0932593 -17.7650567),2025-03-24 18:58:55.726,
2773,7767,7,"ESTACION DE SERVICIO ""EL TROMPILLO"".","AV. JUAN PABLO II, ESQ. LA BARRANCA, BARRIO EL PAJONAL.",POINT (-63.1707154 -17.8073302),2025-03-24 18:58:55.726,
2192,8005,7,ESTACION DE SERVICIO PALMASOLA,KM.6 CARRETERA A PALMASOLA,POINT (-63.1823348 -17.8502938),2025-03-24 18:58:55.726,
2668,687,7,D-GAS S.A. SUCURSAL SANTA CRUZ,AV. 25 DE MAYO ESQUINA CARMELO CABALLERO Nro 001,POINT (-63.1642812 -17.5168483),2025-03-24 18:58:55.726,
2230,7773,7,ESTACION DE SERVICIO EL TAROPE,SANTA CRUZ - KM. 16 CARRETERA A COTOCA S/N ZONA: ESTE,POINT (-63.0169214 -17.7605132),2025-03-24 18:58:55.726,
1984,7672,7,"ESTACION DE SERVICIO ""GUAPAY""",SANTA CRUZ - AV. GUAPAY ESQ. AV. JAPON TERCER ANILLO EXTERNO Nro S/N ZONA: ESTE,POINT (-63.1538073 -17.7760359),2025-03-24 18:58:55.726,
3099,8105,7,SURTIDOR RADIAL 10,"AVDA. RADIAL 10, ESQ. CHE GUEVARA NO. 21",POINT (-63.12807 -17.81227),2025-03-24 18:58:55.726,
3187,53690,7,ESTACION DE SERVICIO MORA,CARRETERA SANTA CRUZ - CAMIRI / LOCALIDAD MORA,POINT (-63.125011 -18.27507),2025-03-24 18:58:55.726,
1846,7796,7,ESTACION DE SERVICIO ELISA SRL.,SANTA CRUZ-AV. JUAN PABLO II TERCER ANILLO INTERNO NRO S/N  ZONA:POLANCO,POINT (-63.16377 -17.80347),2025-03-24 18:58:55.726,
2984,7823,7,ESTACION DE SERVICIO MONTERO,MONTERO - AV. CIRCUNVALACION FRENTE A ROTONDA SUR NO S/N ZONA: SUR,POINT (-63.2496551 -17.3523785),2025-03-24 18:58:55.726,
3020,10614,7,SURTIDOR GUAPOMO S.R.L,"SAN IGNACIO - CALLE CHIQUITOS NO. S/N, ZONA: CASO VIEJO",POINT (-60.9446091 -16.3894985),2025-03-24 18:58:55.726,
2593,7675,7,ESTACION DE SERVICIO BIOCEANICA S.R.L,KM 8 1/2 CARRETERA AL NORTE ZONA: LAS PAMPITAS,POINT (-63.1589458 -17.6918067),2025-03-24 18:58:55.726,
1928,7832,7,"ESTACION DE SERVICIO ""SANTOS DUMONT NOGALES""",AV.SANTOS DUMONT 3ER. ANILLO EXTERNO,POINT (-63.1831452 -17.8162752),2025-03-24 18:58:55.726,
2519,7837,7,SURTIDOR EL PATUJU,SANTA ROSA DEL SARA - KM. 120 NO S/N  ZONA: NORTE,POINT (-63.5951715 -17.1159927),2025-03-24 18:58:55.726,
2465,7861,7,"ESTACION DE SERVICIO ""LA CIMA""","2DO. ANILLO AV. BUSCH",POINT (-63.1907861 -17.7733931),2025-03-24 18:58:55.726,
3227,7932,7,ESTACION DE SERVICIO ORTIZ S.R.L.,WARNES - CARRETERA SANTA CRUZ - MONTERO KM. 28 Nro S/N ZONA: NORTE,POINT (-63.16196 -17.53003),2025-03-24 18:58:55.726,
3186,57063,7,ESTACION DE SERVICIO SOMOS GAS S.R.L.,"WARNES - AV. NORTE  N. L7 UV: S/N, MZNO: 155, ZONA: URB. EL BIBOSI ",POINT (-63.16148 -17.6101),2025-03-24 18:58:55.726,
3076,11352,7,ESTACION DE SERVICIO EL JUNTE,CARRETERA SANTA CRUZ TRINIDAD KM 412 PUNTE SAN PABLO,POINT (-63.8645822 -15.2479385),2025-03-24 18:58:55.726,
1965,8004,7,ESTACION DE SERVICIOS SANTA MARIA,AV. TOMAS DE LESSON ESQ. TARTAGAL S/N,POINT (-63.1870473 -17.8115923),2025-03-24 18:58:55.726,
1927,11545,7,SURTIDOR VARDONA,SANTA CRUZ - BARRIO HAMACAS AV. CRISTO REDENTOR Nro5325 UV: 37 MZNO: 21 EDIFICIO: SURTIDOR VARDONA ZONA: NORTE,POINT (-63.1748014 -17.7504503),2025-03-24 18:58:55.726,
3242,63860,7,CENTRO DE COMERCIO SANTA RITAKM32 S.R.L.,EL TORNO NRO. LOTE 9 ZONA NOROESTE,POINT (-63.37565 -17.98365),2025-03-24 18:58:55.726,
2446,8115,7,EMPRESA DE SERVICIOS 8 DE NOVIEMBRE LTDA.,ZONA VILLA ORTUÑO AVENIDA MOSCU NRO 5358,POINT (-63.2072404 -17.8341665),2025-03-24 18:58:55.726,
3244,63303,7,E.S. ANTO,"CARRETERA A TRINIDAD, COMUNIDAD CERRO GRANDE NRO. S/N ZONA S/N",POINT (-63.70902 -15.41407),2025-03-24 18:58:55.726,
3013,8141,7,"ESTACION DE SERVICIO ""EL MIRADOR""","MUNICIPIO EL PUENTE, CARRETERA SANTA CRUZ - TRINIDAD KM. 242",POINT (-62.9043428 -16.3296463),2025-03-24 18:58:55.726,
3243,64015,7,ESTACION DE SERVICIO GASOCONCE,"MUNICIPIO DE CONCEPCION AVENIDA LOS TAJIBOS Nro S/N UV: 20 MZNO: 10 ZONA: NOR OESTE, PROVINCIA ÑUFLO DE CHAVEZ",POINT (-62.02941 -16.12827),2025-03-24 18:58:55.726,
3160,41838,7,ESTACION DE SERVICIO SUR S.R.L.-SUCURSAL MONTE VERDE,AV. CIRCUNVALACION ANTES IBAÑEZ ESQ. EX COMBATIENES UV 6 MZ 1 - MONTERO,POINT (-63.2695532 -17.3421332),2025-03-24 18:58:55.726,
2808,7962,7,ESTACION DE SERVICIOS MONTAÑO SRL,AV. DOBLE VIA A LA GUARDIA KM 8 1/2 CARRETERA ANTIGUA A STA. CRUZ - CBBA.,POINT (-63.2448308 -17.8437334),2025-03-24 18:58:55.726,
3225,23108,7,ANGEL SANDOVAL - SAN MATIAS (INTERVENIDA),AV. CIRCUNVALACION CARRETERA BIOCEANICA - ZONA COPACABANA,POINT (-58.409771 -16.353693),2025-03-24 18:58:55.726,
2404,8137,7,"""RUTA NORTE"" S.R.L.",SANTA CRUZ - CARRETERA A MONTERO KM 30 Nro S/N ZONA: NORTE,POINT (-63.170174 -17.5042122),2025-03-24 18:58:55.726,
2464,7778,7,"EMPRESA DAVILA IMPORTADORA - EXPORTADORA S.R.L. ""DAIMPORT - EXPORT LTDA.""",SANTA CRUZ - AV. 4TO ANILLO Nro S/N ZONA: EL MILAGRO,POINT (-63.2076926 -17.7684562),2025-03-24 18:58:55.726,
2204,7700,7,ESTACION DE SERVICIO QUINTO ANILLO S.R.L.,SANTA CRUZ - RADIAL 17 1/2 QUINTO ANILLO S/N NRO S/N MZNO: 54 ZONA: SUR,POINT (-63.2253595 -17.8045879),2025-03-24 18:58:55.726,
3117,50384,7,SAN JOSE DE CHIQUITOS,"LOCALIDAD SAN JOSE DE CHIQUITOS, MANZANA 9 LADO ESTE S/N",POINT (-60.729176 -17.845907),2025-03-24 18:58:55.726,
3084,23107,7,SAN PEDRO DEL NORTE (INTERVENIDA),AV. SANTA CRUZ - ZONA CENTRAL,POINT (-63.476315 -16.809841),2025-03-24 18:58:55.726,
3121,36826,7,ESTACION DE SERVICIO SAN JULIAN,AV. UV-19V MANZANO 23 S/N BARRIO LAS PALMERAS,POINT (-62.622334 -16.921911),2025-03-24 18:58:55.726,
4018,7925,7,ESTACION DE SERVICIOS JATUMPAMPA S.R.L. ,AV. TOMAS DE LESSON ESQ. TARTAGAL,POINT (-63.8206963 -17.4004209),2025-03-24 18:58:55.726,
3202,7914,7,PARTICIPACIONES E INVERSIONES EN GAS S.A.,"CARRETERA ANTIGUA A COCHABAMBA KM 45 ACERA IZQUIERDA, A 2 KM DEL HOSPITAL DERMATOLOGICO  JOROCHITO",POINT (-63.4483486 -18.0810728),2025-03-24 18:58:55.726,
2317,1046,7,COMPAÑIA COMERCIAL DE GAS COMPRIMIDO CGC SRL SUCURSAL SANTA CRUZ,AV. SANTOS DUMONT 4 TO ANILLO,POINT (-63.1839301 -17.8233344),2025-03-24 18:58:55.726,
2516,7875,7,COMPAÑIA COMERCIALIZADORA BOLIVIANA DE HIDROCARBUROS CONFI S.R.L.,"SANTA CRUZ - AVENIDA RADIAL 10, Nro 12, UV:44, MZNO:26, ZONA:POLANCO",POINT (-63.6679786 -17.4559776),2025-03-24 18:58:55.726,
2459,7986,7,ESTACION DE SERVICIO SAN SALVADOR,YAPACANI - KM. 9 CARRET. YAPACANI - SANTA CRUZ Nro S/N ZONA: B/ SINDICATO BOLIVAR,POINT (-63.9265002 -17.3971515),2025-03-24 18:58:55.726,
2391,7710,7,ESTACION DE SERVICIO EL BATO,MONTERO - AV. MONASTERIO ESQ. CIRCUNVALACION ZONA NORTE,POINT (-63.2596148 -17.3352264),2025-03-24 18:58:55.726,
2796,20749,7,ESTACION DE SERVICIO EL MANA S.R.L.,SAN JOSE DE CHIQUITOS - CARRETERA SAN JOSE ROBORE KM. 2 Nro S/N UV: S/N MZNO: S/N ZONA: SAN JOSE,POINT (-60.7271679 -17.846486),2025-03-24 18:58:55.726,
2335,7693,7,ESTACION DE SERVICIO YOTAU SRL,KM. 6 1/2 DOBLE VIA LA GUARDIA,POINT (-63.2316122 -17.8320586),2025-03-24 18:58:55.726,
3184,50385,7,GUARAYOS,"CARRETERA SANTA CRUZ ? GUARAYOS, PROVINCIA GUARAYOS, DEL DEPARTAMENTO DE SANTA CRUZ",POINT (-63.213917 -15.912166),2025-03-24 18:58:55.726,
2565,7780,7,ESTACION DE SERVICIO PORTACHUELO LTDA.,PORTACHUELO - AVENIDA ICHILO Nro S/N. ZONA: NORTE,POINT (-63.3984079 -17.3563207),2025-03-24 18:58:55.726,
2476,7820,7,YVU CENTRO DE SERVICIOS Y COMERCIO S.R.L.,AV. 2 DE AGOSTO ESQUINA 6TO. ANILLO,POINT (-63.1475764 -17.7408547),2025-03-24 18:58:55.726,
2922,4982,7,EL PARI,AV. GRIGOTA S/N UV 29,POINT (-63.1954695 -17.8001695),2025-03-24 18:58:55.726,
2781,7772,7,"ESTACION DE SERVICIO ""ARACATACA""","AVDA. VICTOR PAZ ESTENSORO, CARRETERA GUABIRA, ZONA NORTE - MONTERO",POINT (-63.2631956 -17.3286794),2025-03-24 18:58:55.726,
2926,4981,7,CUARTO ANILLO,CARRETERA SCZ-CBB KM 3 1/2 CUARTO ANILLO,POINT (-63.2122674 -17.8149206),2025-03-24 18:58:55.726,
3002,25095,7,ESTACION DE SERVICIO PIRAI S.R.L. - SUCURSAL 2,"CAMIRI, CARRETERA YACUIBA - SANTA CRUZ - AV. CIRCUNVALACION",POINT (-63.5328964 -20.0230211),2025-03-24 18:58:55.726,
2935,7880,7,CENTRO DE COMERCIO Y SERVICIOS VALDIVIA FERRUFINO S.R.L.,AVENIDA DOBLE VIA LA GUARDIA  KILOMETRO  14 NRO S/N DE LA   CERVECERIA  BOLIVIANA NACIONAL  A 30 METROS,POINT (-63.2846387 -17.8789991),2025-03-24 18:58:55.726,
3191,11366,7,ESTACION DE SERVICIO COLINDRES,"CHARAGUA -AV. JOSE UGARTE NO.S/N, UV: S/N, MZNO: 95, ZONA: CENTRAL",POINT (-63.2003492 -19.7913123),2025-03-24 18:58:55.726,
2706,7983,7,ESTACION DE SERVICIO R & E 3000 S.R.L.,SANTA CRUZ DE LA SIERRA- AVENIDA PAURITO Nro S/N UV: 162 MZNO 16 ZONA: PLAN 3000,POINT (-63.1099365 -17.8415849),2025-03-24 18:58:55.726,
3239,7876,7,"ESTACION DE SERVICIO ""S.J.""SRL",MONTERO-AV. CIRCUNVALACION PROLONGACION LIBERTAD Nro S/N ZONA: SUR,POINT (-63.2510433 -17.3534306),2025-03-24 18:58:55.726,
1845,7730,7,GASCO S.R.L.,SANTA CRUZ - AV. BANZER 3ER ANILLO INTERNO Nro S/N MZNO: OE07 ZONA: NORTE,POINT (-63.1796311 -17.7593876),2025-03-24 18:58:55.726,
2730,639,7,"COMPAÑIA BOLIVIANA DE GAS NATURAL COMPRIMIDO ""GENEX S.A."" - SUCURSAL S.C. - ZONA GUALBERTO VILLARROEL",SANTA CRUZ - AV. CRISTO REDENTOR ESQ. 3ER ANILLO NRO S/N UV: 037 MZNO: 002 ZONA: B/HAMACAS,POINT (-63.165249 -17.7752221),2025-03-24 18:58:55.726,
3155,27946,7,ESTACION DE SERVICIO CAMIRIGAS S.R.L.,CAMIRI - AV. PANAMERICANA Nro S/N UV: S/N MZNO: S/N ZONA: CENTRAL,POINT (-63.5323154 -20.0256106),2025-03-24 18:58:55.726,
2654,7847,7,"COOPERATIVA DE SERVICIOS PUBLICOS DE AGUA POTABLE Y ALCANTARILLADO ""MONTES CLAROS"" R.L.",CARRETERA KILOMETRO 1 CARRETERA SANTA CRUZ NRO. S/N ZONA NORTE,POINT (-64.1133555 -18.4785423),2025-03-24 18:58:55.726,
2978,7896,7,ESTACION DE SERVICIO EUSE CRUZ,VALLEGRANDE - AV. VIRGEN DE GUADALUPE LOC. VALLEGRANDE Nro S/N UV:00 MZNO: 00 ZONA: CENTRAL,POINT (-64.0994402 -18.5028604),2025-03-24 18:58:55.726,
2415,7991,7,COMERCIALIZADORA DE HIDROCARBUROS ABJ S.R.L.,SAN JUAN - SAN JUAN - COLONIA JAPONESA,POINT (-63.8450949 -17.291274),2025-03-24 18:58:55.726,
2693,7923,7,"ESTACION DE SERVICIO ""LA GUARDIA""",CARRETERA KM 20 CARRETERA ANTIGUA A CBBA. ZONA NOROESTE,POINT (-63.3258387 -17.8920748),2025-03-24 18:58:55.726,
3169,43888,7,ESTACION DE SERVICIO GEOPETROL,AV. 29 DE SEPTIEMBRE NRO. S/N ZONA BARRIO SAN MIGUEL,POINT (-60.9696881 -16.6947961),2025-03-24 18:58:55.726,
2993,8015,7,ESTACION DE SERVICIO LAS CONCHAS S.R.L.,SANTA CRUZ - KM 85 CARRETERA SANTA CRUZ-TRINDAD S/N ZONA LAS CONCHAS,POINT (-62.5779242 -17.3826034),2025-03-24 18:58:55.726,
3010,9091,7,ESTACION DE SERVICIO PETRO VAL S.R.L.,PAILON - CARRETERA A PAILON Nro S/N ZONA: KM. 50,POINT (-62.7217757 -17.6555677),2025-03-24 18:58:55.726,
3087,9592,7,ESTACION DE SERVICIO LOS BIBOSIS S.R.L.,PORTACHUELO-CIRCUNVALACION S/N ZONA ESTE,POINT (-63.3825284 -17.352858),2025-03-24 18:58:55.726,
2975,8111,7,ESTACION DE SERVICIO SAN JOSE DE YAPACANI S.R.L.,"YAPACANI - CARRETERA SANTA FE, YAPACANI NRO S/N ZONA: NORTE",POINT (-63.8680514 -17.403423),2025-03-24 18:58:55.726,
3138,36574,7,ESTACION DE SERVICIOS FLORES,SAN JULIAN -CARRETERA SANTA CRUZ TRINIDAD Nro S/N UV: 00 MZNO: 00 ZONA: ESTE,POINT (-62.6360177 -17.0621453),2025-03-24 18:58:55.726,
3132,36350,7,SUCURSAL CUATRO CAÑADAS,"CARRETERA SANTA CRUZ- TRINIDAD, KM 100 S/N",POINT (-62.5544366 -17.2780294),2025-03-24 18:58:55.726,
2678,7973,7,TARIFA S.R.L.,CARRETERA A MONTERO ESQUINA AV. CIRCUNVALACION B MINERITO,POINT (-63.2285289 -17.1363161),2025-03-24 18:58:55.726,
3222,60725,7,SURTIDOR TORRIAYALA,"MONTERO - CARRETERA MONTERO A PORTACHUELO, DISTRITO 1 Nro 00 UV: 61 MZNO: 95 ZONA: NORTE OESTE",POINT (-63.28506 -17.31787),2025-03-24 18:58:55.726,
3074,7935,7,SAN JOAQUIN I SRL,SARA -  AVENIDA SANTA ROSA ESQ. CALLE SAN PEDRO Y CALLE MONTERO Nro S/N MZNO: S/N ZONA: NORTE,POINT (-63.8677386 -16.6693343),2025-03-24 18:58:55.726,
3009,8096,7,SURTIDOR COTOCA,SANTA CRUZ - CARRETERA COTOCA KM. 13 1/2 Nro S/N MZNO: 0 ZONA: COTOCA,POINT (-63.0207094 -17.7615382),2025-03-24 18:58:55.726,
3141,20444,7,ESTACION DE SERVICIO EL JUNTE SUCURSAL EESS EL JUNTE II,ASCENCIO DE GUARAYOS - CARRETERA SANTA CRUZ - TRINIDAD,POINT (-63.180712 -15.9054086),2025-03-24 18:58:55.726,
2904,7970,7,"""MUYURINA LTDA""",MANTERO - MONTERO - AV. SALESIANA URBANIZACION MUYURINA Nro S/N. ZONA: CARRT. MONTERO - WARNES,POINT (-63.2451089 -17.3596439),2025-03-24 18:58:55.726,
3086,27470,7,"ESTACION DE SERVICIO ORSA S.R.L. ""SUCURSAL 1 - URUBO""",URUBO LOTE ET1CC4 S/N,POINT (-63.2212943 -17.7535335),2025-03-24 18:58:55.726,
3039,8049,7,"ESTACION DE SERVICIO ""EL CHIQUITANO""",SANTA CRUZ - AV. ÑUFLO DE CHAVEZ - SANTA ROSA DE ROCA ZONA: NOR ESTE,POINT (-61.4324129 -15.9105532),2025-03-24 18:58:55.726,
2701,7807,7,ESTACION DE SERVICIO VALLES CRUCEÑOS,CARRETERA ANTIGUA SANTA CRUZ-COCHABAMBA KM.137: ZONA NORTE,POINT (-63.9594779 -18.1212038),2025-03-24 18:58:55.726,
2972,7996,7,ESTACION DE SERVICIOS DANA S.R.L,PAILON - CARRETERA SANTA CRUZ - TRINIDAD Nro S/N  UV: 00 MZNO: 00  ZONA: B/NUEVA BELEN,POINT (-62.6810339 -17.6050237),2025-03-24 18:58:55.726,
2411,47175,7,ESTACION DE SERVICIO ORSA S.R.L.,AV. NICOLAS SUAREZ ESQ AV. ALEMANIA S/N ZONA NORTE,POINT (-63.1634259 -17.7523549),2025-03-24 18:58:55.726,
3204,8025,7,ESTACION DE SERVICIO CLUB GAZEL SRL,SEPTIMO ANILLO ENTRE AV. MOSCU Y VILLA OLIMPICA,POINT (-63.20895 -17.8469),2025-03-24 18:58:55.726,
2466,12397,7,ESTACION DE SERVICIO PIRAI S.R.L. SUCURSAL 1,"CABEZAS, CARRETERA A CAMIRI KM. 122.",POINT (-63.3142455 -18.7874756),2025-03-24 18:58:55.726,
2229,58190,7,REFRIGAS S.R.L.,AV. CUMAVI C/1 B/ERMENCA,POINT (-63.14061 -17.79148),2025-03-24 18:58:55.726,
2567,8089,7,GAS DEL ESTE S.R.L,AV. 3 PASOS AL FRENTE ESQ. GENERAL CAMPERO NRO 3000,POINT (-63.140514 -17.8004178),2025-03-24 18:58:55.726,
2590,8000,7,"ESTACION DE SERVICIO "" EL AGRICULTOR """,MINERS - AVENIDA SANTA CRUZ Y CALLE JUAN BEJARANO,POINT (-63.2303095 -17.1273594),2025-03-24 18:58:55.726,
3151,9732,7,ESTACION DE SERVICIOS SAN JAVIER,SAN JAVIER - AV. SANTA CRUZ NRO S/N UV: 001 MZNO: S/N ZONA: SUR,POINT (-62.509839 -16.2749286),2025-03-24 18:58:55.726,
2665,7696,7,ESTACION DE SERVICIO MACONDO,SANTA CRUZ - CARRETERA SANTA CRUZ - MINERO KM. 1 Nro S/N ZONA: NORTE,POINT (-63.2214411 -16.9598794),2025-03-24 18:58:55.726,
2592,7670,7,"ESTACION DE SERVICIO ""APAZA""",SANTA CRUZ - AV. COLECTORA Nro S/N UV: 102 MZNO: 5 ZONA: SUD,POINT (-63.11614 -17.8164),2025-03-24 18:58:55.726,
4024,12115,7,ESTACION DE SERVICIO ARNEZ,SANTA CRUZ - SAN JULIAN - CARRETERA AL BENI KM 180 UV: 021 MZNO: 001 ZONA: ESTE,POINT (-62.6109131 -16.9267953),2025-03-24 18:58:55.726,
2971,15135,7,SURTIDOR ACIPA-SJ S.R.L.,SAN JULIAN - CARRETERA SANTA CRUZ TRINIDAD (LOC DE SAN JULIAN)S/N SONA CENTRAL NRO S/N UV:1 MZA:05 ZONA : CENTRAL,POINT (-62.6172914 -16.9144202),2025-03-24 18:58:55.726,
3029,7665,7,ESTACION DE SERVICIO EL TAJIBO OKINAWA,WARNES-CARRETERA A MONTERO KM 84 NRO S/N MZNO: S/N ZONA OKINAWA,POINT (-62.9940548 -17.2454634),2025-03-24 18:58:55.726,
3060,19543,7,ESTACION DE SERVICIO LOS COYUYOS,CARRETERA AL NORTE KM. 6 Nro S/N UV: 77 MZNO:28 ZONA NORTE,POINT (-63.1626105 -17.7187347),2025-03-24 18:58:55.726,
2471,7694,7,ESTACION DE SERVICIO TRES PASOS AL FRENTE,SANTA CRUZ-AV. TRES PASOS AL FRENTE ESQ. 3ER ANILLO NRO 480 ZONA SURESTE,POINT (-63.1570343 -17.7960396),2025-03-24 18:58:55.726,
3145,36357,7,ESTACION DE SERVICIO PAULINA S.R.L.,SAN RAMON - CARRETERA A TRINIDAD KM. 180 Nro S/N UV: 1 MZNO: 5 EDIFICIO: 1 ESTACION DE SERVICIO PAULINA PISO: 1 ZONA: LOTE Nro 8,POINT (-62.5012816 -16.6141903),2025-03-24 18:58:55.726,
1926,7680,7,ESTACION DE SERVICIO 3F OIL S.R.L.,SANTA CRUZ 4 ANILLO S/N UV:111 MZNO: 004 ZONA : BARRIO LOS BOSQUES,POINT (-63.2150731 -17.8017147),2025-03-24 18:58:55.726,
2424,8168,7,ESTACION DE SERVICIO LA ESQUINA,SANTA CRUZ - KM. 28 CARR. MONTERO ESQ. LA BELGICA Nro S/N MZNO:01 ZONO: NORTE,POINT (-63.162146 -17.5295658),2025-03-24 18:58:55.726,
2726,7938,7,"ESTACION DE SERVICIO ""R A""",MONTERO - CARRETERA MONTERO - PORTACHUELO A 200 M DE LA TRANCA NroS/N MZNO: 0095 ZONA: NORTE,POINT (-63.2802024 -17.3179285),2025-03-24 18:58:55.726,
2777,7921,7,ESTACION DE SERVICIO SAN CARLOS S.R.L.,SANTA CRUZ  - AV. PRINCIPAL DE YAPACANI Nro S/N UV. S/N MZNO: S/N ZONA: YAPACANI,POINT (-63.85996 -17.4047744),2025-03-24 18:58:55.726,
2830,8122,7,ESTACION DE SERVICIO TIERRAS BAJAS S.R.L.,CALLE CAÑADA STRONGEST ESQ. PLATANILLO CONDOMINIO SUTO NRO S/N UV: 14 MZNO: 005 EDIFICIO: SUTO PISO: PB OFICINA: 04 ZONA: LOS FORTINES,POINT (-62.171901 -17.2409355),2025-03-24 18:58:55.726,
2929,8093,7,SURTIDOR CHARAGUA,CHARAGUA - AV. JOSE UGARTE Nro S/N UV: 0004 MZNO: 0 OFICINA: 78561225 ZONA: CENTRAL,POINT (-63.1824128 -19.780256),2025-03-24 18:58:55.726,
2724,7769,7,"COMPAÑIA BOLIVIANA DE GAS NATURAL COMPRIMIDO ""GENEX S.A.""",SANTA CRUZ - AV. CRISTO REDENTOR ESQ. 3ER ANILLO NRO S/N UV: 037 MZNO: 002 ZONA: B/HAMACAS,POINT (-63.1778688 -17.7577968),2025-03-24 18:58:55.726,
2468,7999,7,ESTACION DE SERVICIOS VIRGEN DE COTOCA S.R.L.,SANTA CRUZ - KM 18 CARRETERA A COTOCA Nro S/N UV:000 MZNO:000 ZONA: ESTE,POINT (-63.0137195 -17.759693),2025-03-24 18:58:55.726,
1724,7692,7,ESTACION DE SERVICIO EL ARROYO S.R.L,SANTA CRUZ-AV.ROQUE AGUILERA NRO 57,POINT (-63.2042883 -17.7843738),2025-03-24 18:58:55.726,
2937,7993,7,ESTACION DE SERVICIO AGUAI  S.R.L.,FERNANDEZ ALONZO - COMUNIDAD AGUAI KM 105 Nro S/N MZNO: 0 ZONA: NORTE,POINT (-63.3111171 -16.8937652),2025-03-24 18:58:55.726,
2998,7985,7,PUERTO S.R.L.,AV.MARISCAL SUCRE CARRETERA A PUERTO-ARROYO CONCEPCION NO.S/N ZONA BARRIO LAS MALVINAS,POINT (-57.793048 -18.9847556),2025-03-24 18:58:55.726,
2768,642,7,"COMPAÑIA BOLIVIANA DE GAS NATURAL COMPRIMIDO ""GENEX S.A."" - SUCURSAL S.C. - ZONA ESTE",SANTA CRUZ - AV. CRISTO REDENTOR ESQ. 3ER ANILLO NRO S/N UV: 037 MZNO: 002 ZONA: B/HAMACAS,POINT (-63.164934 -17.7901993),2025-03-24 18:58:55.726,
3216,8177,7,SURTIDOR VIRGEN DE CHARAGUA S.R.L.,"CHARAGUA - AV. JOSE UGARTE Nro1, UV: 12A MZNO: 17, ZONA ESTE",POINT (-63.1824397 -19.7801471),2025-03-24 18:58:55.726,
3207,58530,7,ESTACION DE SERVICIO SAYE S.R.L.,CARR. SANTA CRUZ - COLONIA SAN JUAN DEL PIRAI NRO. S/N ZONA SUR DISTRITO 7,POINT (-63.485531 -16.823071),2025-03-24 18:58:55.726,
3172,43889,7,ESTACION DE SERVICIO KM. 75 S.R.L.,CARRETERA PUERTO SUAREZ KM. 75 NRO. S/N ZONA PAILON,POINT (-62.5093402 -17.5925235),2025-03-24 18:58:55.726,
2780,7743,7,JARAJORECHI S.R.L.,"MONTERO, CARRETERA MONTERO - GUABIRA, KM. 1 1/2, ZONA NORTE",POINT (-63.2692697 -17.3194521),2025-03-24 18:58:55.726,
2207,7889,7,"ESTACION DE SERVICIO ""PANTANAL DEL ORIENTE""",SANTA CRUZ - AVENIDA PERIMETRAL S/N PARQUE INDUSTRIAL MZNO: 40 ZONA: ESTE,POINT (-63.1325881 -17.7571913),2025-03-24 18:58:55.726,
1806,22248,7,SURTIDOR CLUBOL,AV: PEDRO RIVERA 3ER ANILLO INTERNO ENTRE ALEMANA Y BENI,POINT (-63.1707782 -17.7598265),2025-03-24 18:58:55.726,
3065,55050,7,SUCURSAL LA ENCONADA,CARRETERA A TRINIDAD KM. 27,POINT (-61.99585 -13.15504),2025-03-24 18:58:55.726,
3161,45152,7,GASOBOL,"AVENIDA LAS AMERICAS, ESQUINA HEROES DEL CHACO S/N, SAN IGNACIO DE VELASCO",POINT (-60.957375 -16.3827867),2025-03-24 18:58:55.726,
3199,57882,7,REYNALDO CORTEZ QUISPE,AV. 4TO ANILLO NRO. LOTE 17 ZONA SUD-OESTE-DISTRITO NRO10,POINT (-63.20802 -17.81083),2025-03-24 18:58:55.726,
3203,52937,7,SUCURSAL - MONTECRISTO,B/MONTE CRISTO 9NO ANILLO CARRETERA A COTOCA,POINT (-63.10994 -17.76677),2025-03-24 18:58:55.726,
3159,43475,7,SUCURSAL ESTACION DE SERVICIO LA TECA SANTA CRUZ - COTOCA,CARRETERA SANTA CRUZ - COTOCA KM. 8,POINT (-63.0711154 -17.7640829),2025-03-24 18:58:55.726,
2820,4978,8,FEDERICO ROMAN,AV. FEDERICO ROMAN,POINT (-65.3527462 -10.8148929),2025-03-24 18:58:55.779,
2362,4977,8,HEROES DEL CHACO,AV. HEROES DEL CHACO BARRIO LOS ALMENDROS,POINT (-66.0463363 -11.0048128),2025-03-24 18:58:55.779,
3080,1100,8,ESTACION DE SERVICIO COLQUEPATA,SAN BORJA CARRETERA LA PAZ YUCUMO,POINT (-67.0347011 -15.1693483),2025-03-24 18:58:55.779,
3017,8125,8,ESTACION DE SERVICIO MUSERUNA,CALLE SANTIESTEVAN ESQUINA 31 DE JULIO SAN IGNACIO,POINT (-65.6442847 -14.9993684),2025-03-24 18:58:55.779,
2833,13336,8,ESTACION DE SERVICIO RIO MANIQUI,AV. CRCUNVALACION ESQ. AV. ITURRALDE - SAN BORJA - PROV. BALLIVIAN  - BENI,POINT (-63.5771718 -16.3714867),2025-03-24 18:58:55.779,
2828,43025,8,ESTACION DE SERVICIOS EL OASIS,TRINIDAD - AV. BOLIVAR ESQ. AV. ADOLFO VELASCO S/N ZONA EL CARMEN,POINT (-64.8919514 -14.8293033),2025-03-24 18:58:55.779,
2932,8109,8,"EMPRESA RIVERO CARBURANTES LUBRICANTES Y GAS ""ERCALUG""",AV. 18 DE NOVIEMBRE ESQ. CIRCUNVALACION S/N,POINT (-64.9056473 -14.8249507),2025-03-24 18:58:55.779,
2815,8169,8,ESTACION DE SERVICIO AMAZONAS S.R.L.,RIBERALTA AV.HEROES DEL CHACO ESQ. JACARANDA S/N ZONA BARRIO EL PERIODISTA,POINT (-66.0447251 -11.0057632),2025-03-24 18:58:55.779,
2953,8037,8,"ESTACION DE SERVICIO LEONARDO LIMACHI CHALLCO ""DON LEO""",YUCUMO-COMUNIDAD DE YUCUMO NO S/N ZONA: BENI,POINT (-67.0405852 -15.133493),2025-03-24 18:58:55.779,
3205,15388,8,GASPETROL,AV. VERDOLAGO ESQ. AV SIMON BOLIVAR,POINT (-66.0582275 -11.0299884),2025-03-24 18:58:55.779,
2824,8704,8,ESTACION DE SERVICIO GASOLINERA CRUCE DE ORO,BENI - CARRETERA A RURRENABAQUE - YACUMA - REYES S/N ZONA: S/N,POINT (-67.49356 -14.4378278),2025-03-24 18:58:55.779,
2817,8008,8,ESTACION DE SERVICIOS INTEGRACION-RIBERALTA S.R.L.,RIBERALTA -AV.INTEGRACION S/N ZONA SAN JUAN ,POINT (-66.0524195 -11.0271146),2025-03-24 18:58:55.779,
2818,8010,8,HIDROCARBUROS VACA DIEZ II,RIBERALTA AV. BENI MAMORE ESQ. PABLO SAUCEDO S/N ZONA SAN JOSE,POINT (-66.0626333 -10.9992779),2025-03-24 18:58:55.779,
3021,4976,8,SANTA ANA DE YACUMA,CALLE NICOMEDES SUAREZ Y BAPTISTA ZONA SAN JUAN,POINT (-65.425201 -13.7499145),2025-03-24 18:58:55.779,
3111,4975,8,POMPEYA,AV. PEDRO IGNACIO MUIBA CIRCUNVALACION SUR ZONA POMPEYA,POINT (-64.9051903 -14.8468253),2025-03-24 18:58:55.779,
2821,8018,8,"ESTACION DE SERVICIO ""LA PERLA DEL MAMORE""",AV. ALTO DE LA ALIANZA  Nro S/N  ZONA: EL CRISTO,POINT (-65.3633308 -10.8360036),2025-03-24 18:58:55.779,
2949,7774,8,ESTACION DE SERVICIO ESPIGA DE ORO,BALLIVIAN AV. MIGUEL SIMON ESQUINA COMERCIO NRO S/N ZONA SANTA ROSA DE YACUMA,POINT (-66.79493 -14.08),2025-03-24 18:58:55.779,
3233,69203,8,ESTACION DE SERVICIO RURRENABAQUE Y.P.F.B.,"CARRETERA A YUCUMO, NRO: S/N, SECTOR LA TRANCA LOCALIDAD: RURRENABAQUE, POV. JOSE BALLIVIAN-BENI",POINT (-67.50386 -14.43446),2025-03-24 18:58:55.779,
2827,8029,8,ESTACION DE SERVICIO IMANOL,AV. HEROES DEL CHACO /INTEGRACION S/N ZONA LOS ALMENDROS,POINT (-66.0555082 -11.0039132),2025-03-24 18:58:55.779,
2995,8129,8,EL TRIANGULO ORIENTAL S.R.L.,BENI-CARRETERA A RIBERALTA NO S/N ZONA: CENTRAL,POINT (-66.288757 -11.5294375),2025-03-24 18:58:55.779,
2952,39286,8,ESTACION DE SERVICIO BALLIVIAN,"CENTRAL, CARRETERA LA PAZ - RURRENABAQUE KM. 321, SN",POINT (-67.0345109 -15.149658),2025-03-24 18:58:55.779,
3089,20387,8,"ESTACION DE SERVICIOS ""TORREZ""",CARRETERA YUCUMO-RURRENABAQUE ZONA COMUNIDAD COLLANA,POINT (-67.1873907 -14.7371519),2025-03-24 18:58:55.779,
3142,40026,8,"ESTACION DE SERVICIO ""REYES MATIAS""",CALLE AMBROSIO GARCIA S/N ZONA SAN PEDRO - REYES - PROVINCIA BALLIVIAN,POINT (-67.3393627 -14.2946644),2025-03-24 18:58:55.779,
3068,12613,8," ESTACION DE SERVICIO ""IRIARTE SAN BORJA""",BENI-CALLE COCHABAMBA NRO 7 SAN BORJA,POINT (-66.7444795 -14.8655758),2025-03-24 18:58:55.779,
3112,26180,8,ESTACION DE SERVICIO LAS PALQUITAS,SAN YGNACIO DE MOXOS - AV.CIRCUNVALACION ESQ. SUCRE N:S/N ZONA: LAS PALQUITAS,POINT (-65.6359695 -14.9999995),2025-03-24 18:58:55.779,
2931,7664,8,ESTACION DE SERVICIOS SERGIO FREDDY IRIARTE MERCADO,TRINIDAD - AV. PANAMERICANA S/N ZONA CIPRIANO BARACE,POINT (-64.888499 -14.8282666),2025-03-24 18:58:55.779,
2822,7988,8,ESTACION DE SERVICIO LAGO AZUL,GUAYARAMERIN - AV. ALTO DE LA ALIANZA Nro 450 MZNO: 00 ZONA: 16 DE JULIO,POINT (-65.3571131 -10.8243546),2025-03-24 18:58:55.779,
2823,7976,8,SAN MIGUEL DE IVAN LIMACHI,SAN BORJA-AV. CIRCUNVALACION S/N ENTRE CALLE COCHABAMBA ZONA EL TEJAR,POINT (-66.7441085 -14.8706306),2025-03-24 18:58:55.779,
2969,8087,8,ESTACION DE SERVICIO SERGIO FREDDY IRIARTE MERCADO-PAITITI,TRINIDAD - AV. PANAMERICANA Nro S/N ZONA:CIPRIANO BARACE,POINT (-64.8740047 -14.8262593),2025-03-24 18:58:55.779,
3181,51821,8,SANTA ROSA PERLA DEL BENI S.R.L.,AV. BOLIVAR ESQ. CALLE MIGUEL SIMON NRO. S/N ZONA SANTA ROSA DE YACUMA,POINT (-66.7948151 -14.0797839),2025-03-24 18:58:55.779,
